focal_exp,compare_exp,metric,metric_label,higher_is_better,n_pairs,focal_mean,compare_mean,mean_improvement_positive_is_focal_better,bootstrap_ci95_low,bootstrap_ci95_high,wilcoxon_statistic,p_value_raw,wilcoxon_method,p_value_holm,significant_holm_0.05
exp_01,exp_02,R@1,R@1,True,4205,0.3065398335315101,0.2192627824019025,0.08727705112960761,0.07253269916765755,0.10225921521997622,167936.0,1.7749815105302348e-30,scipy_wilcoxon,2.662472265795352e-29,True
exp_01,exp_02,R@5,R@5,True,4205,0.6639714625445897,0.53769322235434,0.1262782401902497,0.11153388822829964,0.14149821640903687,153707.0,4.753966273469502e-58,scipy_wilcoxon,9.032535919592055e-57,True
exp_01,exp_02,R@10,R@10,True,4205,0.7988109393579073,0.6834720570749108,0.11533888228299644,0.10178359096313912,0.12865636147443518,85410.0,2.0427678895743528e-60,scipy_wilcoxon,4.494089357063576e-59,True
exp_01,exp_02,rank,Rank,False,4205,7.9491082045184305,13.01807372175981,5.068965517241379,4.592390011890607,5.5562485136741975,1431385.5,8.661171362162136e-130,scipy_wilcoxon,2.684963122270262e-128,True
exp_01,exp_02,bertscore_f1,BERTScore F1,True,4204,0.7748353447194444,0.7581600813526522,0.016675263366792228,0.014407183697888473,0.018989791985526753,3388682.5,3.332231060873841e-33,scipy_wilcoxon,5.331569697398145e-32,True
exp_01,exp_02,infolm_ab_divergence,InfoLM AB,False,4204,1.3923106425066085,2.0008664325915975,0.6085557900849893,0.552283925858901,0.6673331544904758,1025560.0,3.8401302432752876e-130,scipy_wilcoxon,1.228841677848092e-128,True
exp_01,exp_02,infolm_l2_distance,InfoLM L2,False,4204,0.13732338367122182,0.17913777420459426,0.04181439053337245,0.038670774928922055,0.04512523955439676,970165.0,2.622370973185772e-143,scipy_wilcoxon,8.653824211513048e-142,True
exp_01,exp_02,infolm_fisher_rao,InfoLM Fisher-Rao,False,4204,1.1495423241986065,1.4697604633561445,0.3202181391575379,0.29639902708206617,0.3441542524822504,955515.0,6.754022139455904e-147,scipy_wilcoxon,2.2963675274150075e-145,True
exp_01,exp_03,R@1,R@1,True,4205,0.3065398335315101,0.31058263971462546,-0.004042806183115339,-0.019738406658739594,0.01117717003567182,317512.0,0.61383675351717,scipy_wilcoxon,1.0,False
exp_01,exp_03,R@5,R@5,True,4205,0.6639714625445897,0.6653983353151011,-0.001426872770511296,-0.016884661117717005,0.01403091557669441,292407.5,0.8553967202491313,scipy_wilcoxon,1.0,False
exp_01,exp_03,R@10,R@10,True,4205,0.7988109393579073,0.8092746730083235,-0.010463733650416172,-0.023067776456599288,0.002140309155766944,125366.5,0.10341614176523772,scipy_wilcoxon,0.8273291341219018,False
exp_01,exp_03,rank,Rank,False,4205,7.9491082045184305,7.680142687277051,-0.2689655172413793,-0.6392508917954816,0.099411414982164,2519082.0,0.3729353101345203,scipy_wilcoxon,1.0,False
exp_01,exp_03,bertscore_f1,BERTScore F1,True,4204,0.7748353447194444,0.7718631795595987,0.00297216515984567,0.0015893043946655562,0.004326366622543244,4016386.0,3.8428105331969504e-05,scipy_wilcoxon,0.00038428105331969506,True
exp_01,exp_03,infolm_ab_divergence,InfoLM AB,False,4204,1.3923106425066085,1.6533946233691774,0.2610839808625692,0.2253836262104486,0.2968292713246017,732705.0,8.376214488378547e-55,scipy_wilcoxon,1.5077186079081384e-53,True
exp_01,exp_03,infolm_l2_distance,InfoLM L2,False,4204,0.13732338367122182,0.15799880007234934,0.020675416401127526,0.018362746331301322,0.02300252559634464,714742.0,4.968564959817907e-59,scipy_wilcoxon,1.0433986415617605e-57,True
exp_01,exp_03,infolm_fisher_rao,InfoLM Fisher-Rao,False,4204,1.1495423241986065,1.3255041644698282,0.17596184027122158,0.15674254790510264,0.19546171090157954,695838.0,1.1862912838010274e-63,scipy_wilcoxon,2.9657282095025686e-62,True
exp_01,exp_04,R@1,R@1,True,4205,0.3065398335315101,0.19072532699167657,0.11581450653983354,0.10083234244946493,0.1305588585017836,162357.0,1.837283366132094e-49,scipy_wilcoxon,3.12338172242456e-48,True
exp_01,exp_04,R@5,R@5,True,4205,0.6639714625445897,0.4794292508917955,0.1845422116527943,0.16860879904875148,0.20023781212841854,165893.5,1.590165643730168e-103,scipy_wilcoxon,4.6114803668174874e-102,True
exp_01,exp_04,R@10,R@10,True,4205,0.7988109393579073,0.6361474435196195,0.16266349583828776,0.14768133174791914,0.17717598097502965,101898.5,1.8887599463822026e-97,scipy_wilcoxon,5.288527849870167e-96,True
exp_01,exp_04,rank,Rank,False,4205,7.9491082045184305,16.422116527942926,8.473008323424494,7.802122473246136,9.168174791914387,1261229.0,3.3947936731791046e-199,scipy_wilcoxon,1.2221257223444777e-197,True
exp_01,exp_04,bertscore_f1,BERTScore F1,True,4204,0.7748353447194444,0.7681843179901024,0.006651026729341919,0.005118991961644221,0.0081699091584894,3712765.5,4.932117838825539e-17,scipy_wilcoxon,6.411753190473201e-16,True
exp_01,exp_04,infolm_ab_divergence,InfoLM AB,False,4204,1.3923106425066085,1.66700174758607,0.27469110507946154,0.23541823330357037,0.31385356843313533,1013884.0,2.6316496930185723e-58,scipy_wilcoxon,5.263299386037145e-57,True
exp_01,exp_04,infolm_l2_distance,InfoLM L2,False,4204,0.13732338367122182,0.15998074802076914,0.022657364349547317,0.019941776705276977,0.025301768817799518,1002291.0,1.5533861833429866e-60,scipy_wilcoxon,3.572788221688869e-59,True
exp_01,exp_04,infolm_fisher_rao,InfoLM Fisher-Rao,False,4204,1.1495423241986065,1.3403207102937407,0.19077838609513412,0.16893070244264002,0.21314394503067846,980655.0,8.25804563820632e-65,scipy_wilcoxon,2.1470918659336432e-63,True
exp_01,exp_05,R@1,R@1,True,4205,0.3065398335315101,0.2806183115338882,0.02592152199762188,0.011414982164090369,0.04019024970273484,183714.0,0.0003093122696027181,scipy_wilcoxon,0.002783810426424463,True
exp_01,exp_05,R@5,R@5,True,4205,0.6639714625445897,0.6137931034482759,0.050178359096313914,0.03638525564803805,0.0637395957193816,146187.0,1.0410809020606165e-12,scipy_wilcoxon,1.2492970824727397e-11,True
exp_01,exp_05,R@10,R@10,True,4205,0.7988109393579073,0.7612366230677765,0.0375743162901308,0.02592152199762188,0.04922711058263971,74458.0,3.076562475891242e-10,scipy_wilcoxon,3.3842187234803664e-09,True
exp_01,exp_05,rank,Rank,False,4205,7.9491082045184305,9.611177170035672,1.6620689655172414,1.3065279429250893,2.006438763376932,1916246.0,2.5106729865294703e-22,scipy_wilcoxon,3.514942181141259e-21,True
exp_01,exp_05,bertscore_f1,BERTScore F1,True,4204,0.7748353447194444,0.7677901250183525,0.007045219701091864,0.004878472547967529,0.009293922938612049,4329145.5,0.6846624629436608,scipy_wilcoxon,1.0,False
exp_01,exp_05,infolm_ab_divergence,InfoLM AB,False,4204,1.3923106425066085,1.5394446209048034,0.14713397839819511,0.0935511667987192,0.20204051833854675,1106492.0,0.7153582758802479,scipy_wilcoxon,1.0,False
exp_01,exp_05,infolm_l2_distance,InfoLM L2,False,4204,0.13732338367122182,0.1503691462993526,0.013045762628130793,0.009132186109415005,0.01706795499759321,1098080.0,0.506321566486601,scipy_wilcoxon,1.0,False
exp_01,exp_05,infolm_fisher_rao,InfoLM Fisher-Rao,False,4204,1.1495423241986065,1.1636726985720613,0.014130374373454728,-0.0060827170395251545,0.034185626536213994,1114837.0,0.9464614444915479,scipy_wilcoxon,1.0,False
exp_01,exp_06,R@1,R@1,True,4205,0.3065398335315101,0.16956004756242568,0.13697978596908442,0.12128418549346016,0.15267538644470868,191943.5,1.3824322496452928e-61,scipy_wilcoxon,3.3178373991487026e-60,True
exp_01,exp_06,R@5,R@5,True,4205,0.6639714625445897,0.4604042806183115,0.20356718192627823,0.18668252080856124,0.21997621878715815,244887.5,8.048174596763065e-108,scipy_wilcoxon,2.4144523790289195e-106,True
exp_01,exp_06,R@10,R@10,True,4205,0.7988109393579073,0.6313912009512486,0.16741973840665875,0.15196195005945304,0.18311533888228299,163637.5,2.428275650248796e-89,scipy_wilcoxon,6.556344255671749e-88,True
exp_01,exp_06,rank,Rank,False,4205,7.9491082045184305,14.797146254458978,6.848038049940547,6.205214030915577,7.493240190249702,1588830.0,2.3159363127831288e-157,scipy_wilcoxon,8.105777094740951e-156,True
exp_01,exp_06,bertscore_f1,BERTScore F1,True,4204,0.7748353447194444,0.7344397599290485,0.04039558479039585,0.03877239901870206,0.04203175329678576,1067363.5,0.0,scipy_wilcoxon,0.0,True
exp_01,exp_06,infolm_ab_divergence,InfoLM AB,False,4204,1.3923106425066085,2.9926046772900863,1.600294034783478,1.546515416246236,1.6524239870260968,524914.0,0.0,scipy_wilcoxon,0.0,True
exp_01,exp_06,infolm_l2_distance,InfoLM L2,False,4204,0.13732338367122182,0.23547151451852869,0.09814813084730685,0.09507457153560347,0.10123973257969718,510323.0,0.0,scipy_wilcoxon,0.0,True
exp_01,exp_06,infolm_fisher_rao,InfoLM Fisher-Rao,False,4204,1.1495423241986065,1.9892185477688296,0.8396762235702231,0.8134765374443407,0.8656173349603222,445445.0,0.0,scipy_wilcoxon,0.0,True
exp_01,exp_07,R@1,R@1,True,4205,0.3065398335315101,0.0004756242568370987,0.306064209274673,0.29227110582639715,0.31985731272294887,645.0,2.0524481131134815e-281,scipy_wilcoxon,7.799302829831229e-280,True
exp_01,exp_07,R@5,R@5,True,4205,0.6639714625445897,0.007609988109393579,0.6563614744351962,0.6416171224732461,0.6708680142687277,11108.0,0.0,scipy_wilcoxon,0.0,True
exp_01,exp_07,R@10,R@10,True,4205,0.7988109393579073,0.016646848989298454,0.7821640903686088,0.7693222354340071,0.7947681331747919,21554.0,0.0,scipy_wilcoxon,0.0,True
exp_01,exp_07,rank,Rank,False,4205,7.9491082045184305,252.57003567181926,244.62092746730085,240.2809631391201,248.95655172413794,10789.0,0.0,scipy_wilcoxon,0.0,True
exp_01,exp_07,bertscore_f1,BERTScore F1,True,4204,0.7748353447194444,0.7461706620386733,0.028664682680771082,0.026959507662331513,0.030347727837092414,1805543.5,3.0619332413339496e-241,scipy_wilcoxon,1.1329152992935613e-239,True
exp_01,exp_07,infolm_ab_divergence,InfoLM AB,False,4204,1.3923106425066085,2.734171299926217,1.3418606574196086,1.2929438983138652,1.3921431649861784,741216.0,0.0,scipy_wilcoxon,0.0,True
exp_01,exp_07,infolm_l2_distance,InfoLM L2,False,4204,0.13732338367122182,0.23441749374819945,0.09709411007697764,0.0939537961705715,0.10028722454512073,594017.5,0.0,scipy_wilcoxon,0.0,True
exp_01,exp_07,infolm_fisher_rao,InfoLM Fisher-Rao,False,4204,1.1495423241986065,1.970113053495007,0.8205707292964005,0.7950325437799648,0.8462668174520783,546941.0,0.0,scipy_wilcoxon,0.0,True
