sample_idx,video_id,top1_is_gt,claim_id,claim_text,claim_terms,metadata_terms,rule_is_metadata_supported,generated_text,top1_reference_text,human_is_metadata_supported,human_unsupported_terms,human_notes
3626,QctJL1wkQPk,1,4,"The song has a fast-paced and loud sound, with a mix of guitar and electronic elements.",electronic;fast;guitar,electronic;energetic;indie;pop;rock,0,"Allow me to recommend 'Monster' by Radiopilot. It's a track from their album 'Monster'. It combines elements of indie rock, electronic, and pop, which aligns well with the style you're looking for. The song has a fast-paced and loud sound, with a mix of guitar and electronic elements.",Sure! How about using 'Monster' by Radiopilot? It's an indie rock track with electronic and pop influences. The song was released in 2008 and has a catchy and energetic vibe that could enhance your video. It aligns well with Radiopilot's distinctive style.,,,
4079,ucMpzhhtnPY,0,3,"It combines elements of pop, electronic, and rock with female vocals that could be a fitting choice for your video.",electronic;female vocals;male vocals;pop;rock;vocal;vocals,dance;electronic;energetic;pop;r&b;vocal,0,"Allow me to recommend 'Regarde-nous' by Maggie Szabo. It's a track from her album 'Regarde-nous'. It combines elements of pop, electronic, and rock with female vocals that could be a fitting choice for your video.","Allow me to recommend 'Regarde-nous' by Amel Bent. It's a pop and electronic track with R&B and dance influences. Although I couldn't find specific information about the album or release year, the song features Amel Bent's distinctive female vocal and has a catchy and energetic sound that could add the desired elements to your video.",,,
4199,KVcQepco1H4,1,2,It's a pop-rock track with indie and alternative influences.,alternative;indie;pop;rock,alternative;female vocals;guitar;male vocals;pop;rock;vocal;vocals,0,"Certainly! How about 'Hero' by Sterling Knight? It's a pop-rock track with indie and alternative influences. The song features catchy vocals and a guitar-driven sound, which can add a pop and vocal element to your video. It's a great choice to combine different genres and create a dynamic and engaging atmosphere.","Sure! How about 'Hero' by Sterling Knight? It's a pop-rock track with alternative influences. While there's no description available for this song, it features female vocals and guitar, which align with the pop and vocal elements you're looking for. Although I don't have much background information about this track, it could be a fitting choice for your video.",,,
20,wunrK8XPH2I,0,3,"It combines elements of Hip-Hop, electronic, and chillout with a touch of rnb.",chill;chillout;electronic;hip-hop,beat;electronic;fast;hip-hop;indie;techno,0,"Allow me to recommend 'Gamelin' by Gamelin. It's a track from their album 'Gamelin'. It combines elements of Hip-Hop, electronic, and chillout with a touch of rnb. The song has a relaxed and laid-back vibe that could be a fitting choice for your video.","I suggest checking out 'MiddelFingaz' by WhiteBoyBlack. It's a hip-hop track featuring Dam$co and Sezi. Although it doesn't have a specific album or artist mentioned, it has a blend of electronic, indie, and hip-hop elements, which aligns with your preferences. The song has a fast-paced beat with a techno and electronic sound.",,,
33,RCOcdMVmKBE,0,2,This track has a 90s feel to it with its electronic and Hip-Hop elements.,electronic;hip-hop,electronic;hip-hop;pop;r&b;soul;synth,1,"In that case, I would recommend 'Live It Up' by Christian Monroe. This track has a 90s feel to it with its electronic and Hip-Hop elements. It's part of the album 'Live It Up' and it's produced by J.R. and directed by J.R. and Christian Monroe.","Let me suggest 'LIVE IT UP' by Christian Monroe. It's a track from his mixtape album 'Yours Truly' and was produced by J. Glover. The song has a hip-hop and electronic vibe with a touch of R&B and pop. It also features elements of soul. Although there is no specific mention of a synth sound, it aligns well with your desired genre and style.",,,
1230,mnR6-_dxI9c,0,2,"It's a track that combines elements of Hip-Hop, R&B, soul, and pop.",hip-hop;pop;r&b;soul,beat;beats;dance;electronic;female vocals;hip-hop;male vocals;pop;vocal;vocals,0,"Certainly! How about 'Drive a Dream' by JC - The Truth? It's a track that combines elements of Hip-Hop, R&B, soul, and pop. Although I don't have much information about the specific album or artists, the song itself should provide the desired elements for your video.","Allow me to recommend 'Drive a Dream' by JC - The Truth. It's a track from the album 'A Hamilton & Hope (Remastered)'. This song combines elements of hip-hop, electronic, pop, and dance with female vocals and electronic beats. It was released in 2009, which may contain the specific elements you're looking for.",,,
3656,3l4tckL1Xws,1,3,"It combines elements of rock, pop, and indie with electronic beats and a female vocalist.",beat;beats;electronic;indie;pop;rock;vocal,alternative;pop;rock;vocal,0,"Allow me to recommend 'Sunshine' by Mailers. It's a track from their album 'Sunshine'. It combines elements of rock, pop, and indie with electronic beats and a female vocalist. It was released in 2012 and may contain the specific elements you're looking for.","Allow me to recommend 'Materia' by Mailers. It's a track from their collection and it includes elements of rock, pop, and alternative genres. The song features a female vocalist and it was recorded by Mailers. It may be a fitting choice for your video, incorporating the specific style and influences you're looking for.",,,
355,dWIVba3XXCA,0,2,"This track is part of their album 'Akhirnya Indah' and offers a unique blend of indie, rock, and alternative genres.",alternative;indie;rock,indie;pop;rock,0,"Certainly! If you're looking for an indie and alternative vibe, I would recommend 'Akhirnya Indah' by The Changcuters. This track is part of their album 'Akhirnya Indah' and offers a unique blend of indie, rock, and alternative genres. It has a catchy and energetic sound that will complement your video perfectly.","In that case, I would recommend 'Akhirnya Indah' by The Changcuters. This track combines indie rock and pop elements, creating a unique and catchy sound. It's part of the album 'Akhirnya Indah' and it's produced by Scalene Studios.",,,
3799,JGy5x6oHqjY,1,3,"It combines elements of electronic, house, and dance genres with a touch of electro.",dance;electronic;house,dance;electronic;house,1,"Allow me to recommend 'Inspire' by Gazzo featuring Farewell Luna. It's a track from Gazzo's album 'Inspire'. It combines elements of electronic, house, and dance genres with a touch of electro. The song has a fast-paced techno sound and a catchy beat that could be a fitting choice for your video.","Allow me to recommend 'Inspire' by Gazzo featuring Farewell Luna. It's a track from Gazzo's album 'Ibiza Vibes 2019'. This song combines elements of electronic, dance, electro, and house music, which aligns well with your desired style. The track features Farewell Luna and was released in 2019, giving it a modern and fresh sound.",,,
1858,bqP75fLJ3ac,1,3,"It combines elements of alternative rock, indie, and pop with guitar and vocal-focused sound that could be a fitting choice for your video.",alternative;guitar;indie;pop;rock;vocal,alternative;guitar;indie;pop;rock;vocal,1,"Allow me to recommend 'Años Muertos' by Fernando Shann. It's a track from his album 'Años Muertos'. It combines elements of alternative rock, indie, and pop with guitar and vocal-focused sound that could be a fitting choice for your video.","Allow me to recommend 'Años Muertos' by Fernando Shann. It's a track from his album 'Casualidad'. It combines elements of alternative rock, indie, and pop with guitar-driven and vocal-focused sound that could be a fitting choice for your video. The song was released in 2011 and contains the specific elements you are looking for.",,,
3436,MVLyzh0-YtI,0,3,"It combines elements of pop, electronic, and R&B with female vocals.",electronic;female vocals;male vocals;pop;r&b;vocal;vocals,beat;beats;electronic;fast;hip-hop;indie;pop;r&b;techno;vocal,0,"Allow me to recommend 'Wedding Dress' by TAEYANG. It's a track from his album 'Wedding Dress'. It combines elements of pop, electronic, and R&B with female vocals. This song could provide the variety you're looking for in your video.","How about 'Wedding Dress' by TAEYANG? It's a track from the album 'Solar International'. It combines elements of electronic, pop, and R&B genres with a touch of hip-hop and indie influences. The song has a fast-paced vocal and electronic sound, which aligns with Glaze's techno and fast-paced beats.",,,
2528,GV2e5g7IWqc,0,3,It's part of the album 'Rolling in the Deep' and features Adele's powerful vocals.,vocal;vocals,pop;rock;soul;vocal;vocals,1,"In that case, I would recommend 'Rolling in the Deep' by Adele. This track has a soulful and jazz-inspired sound that would be perfect for your video. It's part of the album 'Rolling in the Deep' and features Adele's powerful vocals.","Absolutely! I have the perfect recommendation for you. I would suggest 'Rolling in the Deep' by Adele. This track showcases Adele's powerful and soulful vocals, and it falls under the genres of pop, soul, and rock. It will add a touch of emotion and intensity to your video.",,,
1777,4T4SRC5ToiU,0,4,"It features male vocals and was released in 2010, which may contain the specific elements you want.",male vocals;vocal;vocals,alternative;country;indie;pop;rock,0,"Allow me to recommend 'Light Up The Sky' by The Afters. It's a track from their album 'Light Up The Sky'. The song combines elements of rock, pop, and indie with alternative influences. It features male vocals and was released in 2010, which may contain the specific elements you want.","Absolutely! I have the perfect recommendation for you. 'Smile' by Uncle Kracker is a great choice. It falls under the genres of rock, pop, indie, alternative, and country. This track has a feel-good vibe that will bring a smile to your face. It's sure to uplift the mood of your video!",,,
3664,DHNVh_sZawQ,0,3,The song features female vocals and has a techno and fast-paced sound that could be a fitting choice for your project.,fast;female vocals;male vocals;techno;vocal;vocals,dance;electronic;fast;female vocals;house;male vocals;pop;techno;vocal;vocals,1,Allow me to recommend 'Find Tomorrow (Ocarina)' by Dimitri Vegas & Like Mike ft; 22Bullets. It's an electronic dance track with elements of pop and indie. The song features female vocals and has a techno and fast-paced sound that could be a fitting choice for your project.,"Certainly! How about 'Find Tomorrow (Ocarina)' by Dimitri Vegas & Like Mike ft. Wolfpack & Katy B? It's a dance and electronic track with pop and house influences. The song features female vocals and has a techno and fast-paced electronic sound, which can add a dynamic and catchy element to your video.",,,
3937,JasrjpRdoRU,1,3,"It combines elements of pop, R&B, and electronic music with female vocals.",electronic;female vocals;male vocals;pop;r&b;vocal;vocals,dance;electronic;female vocals;male vocals;pop;vocal;vocals,0,"Allow me to recommend 'Sua Cara' by Anitta and Ludmila. It's a track from their album 'Sua Cara'. It combines elements of pop, R&B, and electronic music with female vocals. The song has a catchy and energetic vibe that could be a fitting choice for your video.","Allow me to recommend 'Deixa ele Sofrer'. It's a track from Anitta's video mixer that includes her song 'Na Batida' and Ludmila's song 'Hoje'. The video mixer was created as a tribute to both artists and showcases their unique style in the funk genre. Although the specific details of 'Deixa ele Sofrer' are not provided, it is likely to have the pop, dance, and electronic elements you're looking for, along with the strong female vocals from both artists.",,,
42,8xlw3-_0nS0,1,3,"The song combines elements of hip-hop, pop, and electronic music with a chillout vibe.",chill;chillout;electronic;hip-hop;pop,chill;chillout;electronic;female vocals;hip-hop;male vocals;pop;vocal;vocals,1,"Allow me to recommend 'Pienso En Ti' by Danny Lyon. It's a track from his album 'Pienso En Ti'. The song combines elements of hip-hop, pop, and electronic music with a chillout vibe. It was released in 2012 and has a soothing and relaxing sound that could be a fitting choice for your video.","Allow me to recommend 'Pienso En Ti' by Danny Lyon. It's a chillout track with electronic and pop influences. The song features female vocals and falls under the hip-hop genre. Although there is no specific album or artist information available for this track, it was released as an official music video in 2013.",,,
2374,IHcfxCt36mo,0,2,It's a hip-hop track with electronic and dance influences.,dance;electronic;hip-hop,dance;electronic;hip-hop,1,Certainly! How about 'I'm A Boss' by Yung Tone? It's a hip-hop track with electronic and dance influences. The song has a fast-paced beat and synth elements that could add a dynamic and energetic vibe to your video. It was released in 2014 and has a catchy and upbeat sound.,"Allow me to recommend 'AINT ACTING RIGHT'. It's a hip-hop and electronic track with dance and electro influences. Although I don't have much information about it, the description mentions it as a video produced by 559MMPRODUCTIONS, which may contain the specific elements you're looking for in your video.",,,
4175,ET6U1HodEUU,1,4,"It falls under the genres of rock, pop, and indie, with elements of soul and alternative.",alternative;indie;pop;rock;soul,emotional;female vocals;indie;male vocals;pop;rock;soul;vocal;vocals,0,"Certainly! I recommend 'Tripped by Audrey Belle'. It's a track with female vocals and a soulful sound. Although I don't have much information about the specific album or artist, the song itself aligns well with your preferences. It falls under the genres of rock, pop, and indie, with elements of soul and alternative.","Certainly! You might enjoy 'Tripped' by Audrey Belle. It's a track from her album 'Never Around'. The song features female vocals and blends elements of rock, pop, indie, and soul. It can bring a soulful and emotional vibe to your video.",,,
1118,ks_HtcmCrkM,0,3,It's part of the album 'Aksar' and features female vocals.,female vocals;male vocals;vocal;vocals,electronic;hip-hop;pop;soul;vocal;vocals,0,"In that case, I would recommend 'Soniye (Remix)' by K. This track has a strong R&B and hip-hop influence, with elements of pop and electronic music. It's part of the album 'Aksar' and features female vocals. It's a great choice if you're looking for a track with a smooth and soulful vibe.","In that case, I would recommend 'Soniye (Remix) (From 'Aksar')' by K.K. and Sunidhi Chauhan. This track combines elements of Hip-Hop, pop, and electronic music with a touch of soul. It features the perfect blend of vocals from both artists to create a captivating listening experience.",,,
1000,NB6-sVPB3cU,0,1,"In that case, I would recommend 'Dance Inside' by The All-American Rejects.",dance,alternative;dance;energetic;fast;indie;melody;pop;rock,1,"In that case, I would recommend 'Dance Inside' by The All-American Rejects. This track has a strong alternative rock sound with elements of indie and alternative. It's a perfect fit for your video, capturing the emotions and energy you're looking for.","For a fantasy game theme with a strong rock vibe, 'Dance Inside' by The All-American Rejects would be an excellent choice. This track combines rock, alternative, indie, and a bit of pop to create a powerful and fast-paced melody that fits perfectly with energetic and imaginative settings. It's also been used in Final Fantasy X-2 Music Video clips, which aligns perfectly with your fantasy gaming theme.",,,
817,EF-SAISlItE,1,4,It was released in 2013 and has a guitar-focused sound that could be a fitting choice for your video.,guitar,alternative;indie;pop;rock,0,"Allow me to recommend 'Tal Vez' by Figo. It's a track from their album 'Tal Vez'. The song combines elements of rock, indie, and alternative with male vocals and pop influences. It was released in 2013 and has a guitar-focused sound that could be a fitting choice for your video.","Allow me to recommend 'Tal Vez' by Figo. Although I couldn't find much information about this track, Figo is known for his indie, alternative, and rock style with pop influences. This track might be a fitting choice for your video as it aligns with your preferences.",,,
1119,rZb8WsdW5eM,1,3,"The track features piano and female vocals, which aligns well with the indie/folk/pop/rock style you're looking for.",female vocals;folk;indie;male vocals;piano;pop;rock;vocal;vocals,emotional;female vocals;folk;indie;male vocals;piano;pop;rock;soul;vocal;vocals,1,"Allow me to recommend 'Stay' by Rachel Brown & ELEW. It's a cover of the song originally performed by Rihanna. The track features piano and female vocals, which aligns well with the indie/folk/pop/rock style you're looking for. It was recorded in 2012 and has a beautiful and emotional sound.","Allow me to recommend 'Stay' by Rachel Brown & ELEW. It's a cover of Rihanna's song and features piano, female vocals, and a mix of indie, folk, pop, and rock genres. The collaborative performance by Rachel Brown and ELEW brings a unique and soulful touch to the track, which could enhance the emotional and expressive aspects of your video project.",,,
1457,6Tr4ecv6S9s,1,4,"It could be a great addition to your video, combining the rock and pop elements you're looking for.",pop;rock,alternative;country;male vocals;pop;rock;vocal;vocals,1,"Certainly! How about 'Una vez más' by Cristian Gastou? It's a rock track with pop and alternative influences. The song was released in 2012 and has a guitar-focused sound. It could be a great addition to your video, combining the rock and pop elements you're looking for.","Certainly! I recommend the track 'Una vez más' by Cristian Gastou. It's a rock and pop influenced song with alternative and country elements. It is part of his album 'Como Es Escapan Los Lunes'. The track features male vocals and has a progressive rock vibe. It's a great choice if you're looking for a mix of rock, pop, and alternative genres in your video.",,,
1716,MErXh4XUivc,1,3,"It combines elements of electronic, dance, and pop with a touch of electro.",dance;electronic;pop,dance;electronic;house;pop,1,"Allow me to recommend 'You Believed' by Pandora ft; 20syl. It's a track from Pandora's album 'You Believed'. It combines elements of electronic, dance, and pop with a touch of electro. The song has a fast-paced techno beat and a catchy melody that could be a fitting choice for your video.","Allow me to recommend 'You Believed' by Pandora ft. Matt Hewie. It's a track that combines elements of dance, electronic, house, and pop with an electro sound. Although I don't have much information about the specific track, it features the collaboration between Pandora and Swedish DJ Matt Hewie, who was nominated for Producer/Remixer of the Year in 2009.",,,
3636,O30F9cxtlVM,0,3,"It combines elements of hip-hop, pop, and R&B with electronic beats and a dance vibe.",beat;beats;dance;electronic;hip-hop;pop;r&b,dance;electronic;energetic;hip-hop,0,"Allow me to recommend 'Mi Gente' by J Balvin. It's a track from the album 'Mi Gente'. It combines elements of hip-hop, pop, and R&B with electronic beats and a dance vibe. The song has a catchy and energetic sound that could be a fitting choice for your video.","Allow me to recommend 'I AM A BUCCANEER!'. It's a track that aligns well with your promotional video supporting the Tampa Bay Buccaneer squad. This song has elements of hip-hop, electronic, and dance music, which can enhance the energetic and lively atmosphere of your video. It's a perfect fit for increasing community spirit and fan-fare for your hometown team.",,,
449,2BHqOpYyQY0,0,1,I suggest checking out 'SATAYERA' by GXSOUL.,soul,hip-hop;indie;pop;r&b;rap;soul;vocal;vocals,1,"I suggest checking out 'SATAYERA' by GXSOUL. It's a track that combines hip-hop, pop, and R&B genres with electronic and dance elements. The song has a catchy beat and a mix of male and female vocals, which can add a dynamic and energetic vibe to your video.","Allow me to recommend 'SATAYERA' by GXSOUL. It's a track from their discography that showcases their R&B and pop sound, along with female vocalist's captivating vocals. It falls under the genres of hip-hop, R&B, pop, and indie, which aligns well with your preferences. Unfortunately, I don't have more information about the specific track's album or release year.",,,
2935,3nXCYSDR-dk,0,4,"It features strong guitar presence and male vocals, which aligns well with your preferences.",guitar;male vocals;vocal;vocals,alternative;energetic;indie;pop;rock,0,"Allow me to recommend 'Som en dröm' by Stiftelsen. It's a track from their album 'Som en dröm'. The song combines elements of rock, indie, and alternative rock with a touch of pop. It features strong guitar presence and male vocals, which aligns well with your preferences. The track was released in 2012 and has a distinctive style that could complement your video.","In that case, I would recommend the song 'K90 HORAS Y SEGUNDOS'. It is a rock, indie, and alternative track by the band K90 from Bogotá. This song has a unique indie rock sound with hints of pop influences. It will give your video a cool and energetic vibe.",,,
1952,_ob_vL2ptgY,0,3,"This song combines elements of hip-hop, soul, and pop, which aligns well with HighDro's style.",hip-hop;pop;soul,electronic;hip-hop;pop;r&b;soul,1,"Certainly! I recommend 'Dicen Ser' by Skan & Under One. It's a track from their album 'Dicen Ser'. This song combines elements of hip-hop, soul, and pop, which aligns well with HighDro's style. It has a catchy beat and features male vocals.","Allow me to recommend 'Dicen Ser' by Skan & Under One. It's a hip-hop track with electronic and soul influences. The song has R&B and pop elements as well. It was recorded as an inédita in the neighborhood of Satélite in Querétaro, Mexico. This track might provide the soulful and R&B vibe you're looking for.",,,
856,gsSXKMK0VCo,0,2,This track has a vintage feel with its jazz and easy listening elements.,jazz,dance;jazz;rock;soul;vocal;vocals,1,"In that case, I would recommend 'Here Comes the Sun' by Nina Simone. This track has a vintage feel with its jazz and easy listening elements. It's part of the album 'Here Comes the Sun' and would be a great fit for your video.","Allow me to recommend 'Here Comes the Sun' by Nina Simone. It's a track that combines elements of jazz, rock, and soul, with the beautiful vocals of a female vocalist. Although no description is available, it's a fitting choice to add the desired jazz and soul elements to your dance workshop.",,,
3729,5eSLbYZTZYM,0,3,It has a catchy and energetic sound that would be perfect for your video.,energetic,alternative;electronic;energetic;indie;male vocals;pop;rock;vocal;vocals,1,"Certainly! If you're looking for a rock and alternative vibe, I would recommend 'Like It's Her Birthday' by Good Charlotte. This track is part of the album 'The Chronicles of Life and Death' and offers a mix of rock, indie, and alternative genres. It has a catchy and energetic sound that would be perfect for your video.","Allow me to recommend 'Like It's Her Birthday' by Good Charlotte. It's a track from their album 'Cardiology' released in 2010. The song combines elements of rock, pop, electronic, and indie with a catchy and energetic sound. Good Charlotte is known for their alternative influences, and this song features male vocals. It could be a fitting choice for your video.",,,
2807,E-DKGlq98CI,0,3,"It might be a fitting choice for your video, combining the energetic and electronic elements with the soulful and indie influences you're looking for.",electronic;energetic;indie;soul,beat;beats;hip-hop;jazz;male vocals;pop;r&b;soul;vocal;vocals,0,"I suggest checking out 'LOST MOMENTS 92bpm' by Voyel ft Jear. Although I don't have much information about this track, based on the description, it seems to be a blend of hip-hop, electronic, and soul genres. It might be a fitting choice for your video, combining the energetic and electronic elements with the soulful and indie influences you're looking for.","Allow me to recommend 'LOST MOMENTS 92bpm' by Voyel ft Jear. It's a track produced by Allrounda Beats. It combines elements of hip-hop, R&B, soul, and pop with a touch of jazz. The song features male vocals which can add a unique dimension to your video.",,,
247,T7IJORMqVqU,0,3,"This song combines elements of rock, indie, alternative, and punk, which aligns well with the genres you mentioned.",alternative;indie;punk;rock,alternative;female vocals;indie;male vocals;pop;rock;vocal;vocals,0,"Certainly! How about 'Bakit Nga Ba Mahal Kita' by Roselle Nava? It's a track from her album 'Bakit Nga Ba Mahal Kita'. This song combines elements of rock, indie, alternative, and punk, which aligns well with the genres you mentioned. It has a guitar-driven sound and features female vocals.","Allow me to recommend the track 'Bakit Nga Ba Mahal Kita' by Roselle Nava. It's a track from her album 'Sing Me A Love Song'. It combines elements of indie, pop, and alternative rock with a focus on female vocals. This track could be a fitting choice for your video.",,,
908,07K8CQP8zgw,0,4,It was released in 2009 and has a unique blend of indie and alternative influences.,alternative;indie,female vocals;guitar;indie;male vocals;pop;rock;vocal;vocals,0,Certainly! How about 'これから' by plenty? It's a track from their album 'これから'. The song has a rock and indie rock sound with female vocals. It was released in 2009 and has a unique blend of indie and alternative influences. It could be a great addition to your video.,Allow me to recommend 'これから' by plenty. It's a track by the artist plenty and falls into the indie rock and indie pop genres. The song features female vocals and a rock sound with elements of guitar. It's a fitting choice for your video if you want to incorporate indie and rock vibes with a touch of female vocals.,,,
3284,NAkb0mbKtTQ,0,4,It has a fast-paced and energetic sound that could be a fitting choice for your video.,energetic;fast,energetic;indie;pop;rock,0,"Allow me to recommend 'Robot Man' by The Aliens. It's a track from their album 'Robot Man'. The song combines elements of rock, classic rock, and 80s music with a touch of techno and pop. It has a fast-paced and energetic sound that could be a fitting choice for your video.","How about 'Robot Man' by The Aliens? Although there is limited information available about the track, The Aliens are classified as a rock band with indie and pop influences. This track might add some rock elements to your video while still maintaining the dynamic and energetic vibe.",,,
3672,d78gsJINfpc,1,3,"The song combines elements of pop, rock, and alternative music, with powerful female vocals.",alternative;female vocals;male vocals;pop;rock;vocal;vocals,alternative;female vocals;male vocals;pop;rock;vocal;vocals,1,"Allow me to recommend 'Gift of a Friend' by Demi Lovato. It's a track from her album 'Gift of a Friend'. The song combines elements of pop, rock, and alternative music, with powerful female vocals. It was released in 2009 and may contain the specific elements you're looking for.","Allow me to recommend 'Gift of a Friend' by Demi Lovato. It's a pop and rock track from her album 'Gift of a Friend'. The song features Demi's powerful and distinctive vocals, which align with your preference for female vocals. Additionally, it has alternative elements that can add a unique touch to your video.",,,
2661,NhZLIOOs2F8,0,2,"This track has a strong electronic and pop influence, with elements of Hip-Hop and rock.",electronic;hip-hop;pop;rock,beat;beats;electronic;hip-hop;pop;r&b;soul;synth,0,"In that case, I would recommend 'Israel We Go Hard' by Ben Blackwell. This track has a strong electronic and pop influence, with elements of Hip-Hop and rock. It's part of the album 'Israel We Go Hard' and it's a great choice for your video.","Allow me to recommend 'Israel We Go Hard' by Ben Blackwell. Although I don't have much information about this track, it is classified as hip-hop, R&B, electronic, pop, and soul. It may have the soulful and pop elements you're looking for, along with the electronic beats and synth sounds that align with your preferences.",,,
3500,5Z_RHACCCjk,1,1,Allow me to recommend 'The Last Goodbye' by The Piano Guys.,piano,ambient;electronic;instrumental;melodic;rock;slow;strings,0,"Allow me to recommend 'The Last Goodbye' by The Piano Guys. It's a track from their album 'The Piano Guys'. The song combines elements of ambient, electronic, and rock genres, with a focus on slow and melodic strings. It was released in 2012 and has a unique and captivating sound that could add a special touch to your video.","Allow me to recommend 'Arcano Despertar'. It's an instrumental track that combines elements of ambient, electronic, and rock. The song has a slow and melodic sound with a focus on strings. Although there is limited information available about this track, it seems to have the specific elements you are looking for.",,,
365,7C2ssSnvfek,1,3,"It combines elements of hip-hop, electronic, and ambient with a focus on drums.",ambient;drum;drums;electronic;hip-hop,ambient;beat;beats;drum;electronic;hip-hop;rhythm;rock,0,"Allow me to recommend 'Dangerous' by ILL-Legitimate. It's a track from their album 'Dangerous'. It combines elements of hip-hop, electronic, and ambient with a focus on drums. It was released in 2013 and may contain the specific elements you're looking for.","Allow me to recommend 'Dangerous' by ILL-Legitimate. It's a track from their album 'The Album'. It combines elements of hip-hop, electronic, and rock with ambient influences. The song also features prominent drum beats that can add a rhythmic and dynamic element to your video. It's a recent release from ILL-Legitimate, so it captures their current style and sound.",,,
1427,60HTBUwYqcE,0,2,"This track combines elements of rock, indie, and electronic music, creating a unique and energetic sound.",electronic;energetic;indie;rock,dance;electronic;hip-hop;pop;vocal,0,"Certainly! I suggest checking out 'Dheaon Dheaon' by Vishal Dadlani. This track combines elements of rock, indie, and electronic music, creating a unique and energetic sound. It's part of the album 'Dheaon Dheaon' and would be a great fit for your video.",How about 'Dheaon Dheaon Song' by Vishal Dadlani? It's a pop and dance track with hip-hop and electronic elements. The song features a male vocalist and could be a fitting choice for your video.,,,
66,7R9BibXk2gY,1,3,"It's a track with electronic, indie, and jazz influences.",electronic;indie;jazz,electronic;indie;jazz;pop,1,"I apologize, but I don't have enough information about the specific track, album, or artist in the candidate music description to recommend a song that aligns with the electronic, indie, and jazz genres. However, based on the genres mentioned in the target music's MSD tags, I can recommend 'Perdoname by Raices De Tierra Caliente'. It's a track with electronic, indie, and jazz influences.","I apologize, but I don't have enough information about the specific track, album, or artist in the candidate music description to recommend a song that aligns with the electronic, indie, and jazz genres. However, based on the genres mentioned in the target music's MSD tags, I can recommend 'Perdoname' by Raices De Tierra Caliente. It's an electronic, indie, pop, and jazz-influenced track that could add a unique flavor to your video.",,,
2251,KbPGYi3-F_I,1,3,"It combines elements of hip-hop, electronic, and dance with a pop influence.",dance;electronic;hip-hop;pop,beat;dance;electronic;energetic;hip-hop;pop;rock,1,"Allow me to recommend 'Estay como pa mi' by Los Generales. It's a track from their album 'Estay como pa mi'. It combines elements of hip-hop, electronic, and dance with a pop influence. The song has a fast-paced beat and a loud sound that could be a fitting choice for your video.","Allow me to recommend 'Estay como pa mi' by Los Generales. It's a track from their reggaeton group. Although there is limited information available about this specific song, Los Generales are known for their hip-hop, electronic, pop, dance, and rock influences. This track might be a fitting choice for your video with its energetic beat and catchy pop elements.",,,
889,4iY51ffFXYo,0,3,"The song combines elements of hip-hop, electronic, and rock, which aligns well with the style you're looking for.",electronic;hip-hop;rock,electronic;hip-hop;jazz;rock,1,"Certainly! I recommend 'Mike Black' by Mike Black. It's a track from his album 'Mike Black'. The song combines elements of hip-hop, electronic, and rock, which aligns well with the style you're looking for. It was released in 2012 and has a fast-paced and energetic vibe.","Allow me to recommend 'BABA' by Najeeb. It's a track that showcases his versatile style and combines elements of hip-hop, rock, jazz, and electronic music. The song provides an in-depth look into the life of a true 'Baba' and was released by Najeeb himself. It might be a fitting choice for your video.",,,
32,h84_FdjNQ58,0,3,"Although I don't have much information about the album or the artist, the song itself aligns well with the dance, electronic, and pop genres you're looking for.",dance;electronic;pop,dance;electronic;pop;vocal,1,"Allow me to recommend 'Be Together' by Adam Chrola. It's a dance track with electronic and pop elements. Although I don't have much information about the album or the artist, the song itself aligns well with the dance, electronic, and pop genres you're looking for.","Allow me to recommend 'Be Together' by DANI B vs KARIM R. It's a dance and electronic track with pop influences and features female vocalists. Although there is no specific description available for this track, it falls under the category of 90s style too.",,,
1819,vgzrbpnTesg,1,4,It has a techno and synth-focused sound with male vocals.,male vocals;synth;techno;vocal;vocals,electronic;hip-hop;pop;r&b;soul,0,"Allow me to recommend 'Dreams' by Perfeck Strangers featuring Wordsworth & Yonatan Watts. It's a track from their album 'Dreams'. This song combines elements of Hip-Hop, electronic, pop, and soul with a touch of R&B. It has a techno and synth-focused sound with male vocals.","Let me suggest 'Dreams' by Perfeck Strangers featuring Wordsworth & Yonatan Watts. It's a hip-hop track with electronic and pop influences. The song has soul and R&B elements as well. Unfortunately, I don't have any additional information about the album or artists.",,,
3234,y81mVM9WiTE,0,2,"This track has a soulful and RnB sound, with elements of Hip-Hop, pop, and rock.",hip-hop;pop;rock;soul,electronic;hip-hop;pop;rock;soul,1,"In that case, I would recommend 'First thing in the Morning' by Dapper Valentino. This track has a soulful and RnB sound, with elements of Hip-Hop, pop, and rock. It's part of the album 'First thing in the Morning' and would be a great fit for your video.","Allow me to recommend 'First thing in the Morning' by Dapper Valentino, Eddie Mac & Innuendo. It's a track from Soundfile Records and was filmed and edited by @Merki_Artist. This song combines elements of hip-hop, rock, electronic, and soul with pop influences. It could be a fitting choice for your video.",,,
3577,BO2QxAdezX0,1,3,"The song has a 90s vibe and combines elements of pop, soul, and rock.",pop;rock;soul,electronic;female vocals;male vocals;pop;soul;uplifting;vocal;vocals,0,"Certainly! How about 'La Mia Felicità' by Orchestra Meri Elisa? It's a pop and soul track with female vocals. The song has a 90s vibe and combines elements of pop, soul, and rock. It could be a fitting choice for your video.",Certainly! How about 'La Mia Felicità' by Orchestra Meri Elisa? It's a pop track with soul and electronic influences. The song features female vocals and has a catchy and uplifting vibe that could add a unique touch to your video.,,,
2944,bZekJ_L_l1M,0,4,It has a guitar-driven sound and features male vocals.,guitar;male vocals;vocal;vocals,alternative;beat;guitar;indie;male vocals;rock;vocal;vocals,1,"Certainly! How about 'Heartbeat' by The Fray? It's a track from their album 'Heartbeat'. This song combines elements of indie, alternative, and rock, which aligns well with the indie and alternative rock sound you're looking for. It has a guitar-driven sound and features male vocals.","Allow me to recommend 'Heartbeat' by The Fray. It's a track that falls under the indie rock and alternative rock genres. The song features male vocals and guitar, which aligns well with the indie and alternative elements you're looking for.",,,
3782,OonNpW3K2Ic,0,2,It's a dance track with electronic and pop elements.,dance;electronic;pop,beat;dance;electronic;house;pop;upbeat;vocal;vocals,1,Certainly! How about 'I Need You' by Kalwi & Remi feat;? It's a dance track with electronic and pop elements. The song features a female vocal and has a mix of house and electro genres. It could provide a diverse and energetic sound for your video.,"Allow me to recommend 'I Need You' by Kalwi & Remi feat. Amanda Wilson, Ewa Jach. It's a dance and electronic track with pop and house influences, featuring the powerful vocals of Amanda Wilson and Ewa Jach. The song has a catchy and upbeat sound that could be a fitting choice for your video. You can find it on their official YouTube channel and iTunes.",,,
1755,GQYo_ldnJmA,0,1,I understand your preference for hip-hop and pop influences.,hip-hop;pop,dance;electronic;hip-hop;indie;pop,1,"I understand your preference for hip-hop and pop influences. In that case, I recommend 'Crazy' by Lil Crazed. It's a track from his album 'Crazy'. The song combines elements of hip-hop, pop, and electronic music, which aligns well with Lil Crazed's distinctive style. It has a catchy beat and energetic vibe that could complement your video.","Allow me to recommend 'Chama Que Elas Vem' by Mc Neno Da CB. Although there is no specific information about the track, based on Mc Neno Da CB's style and influences, it's likely to have elements of Hip-Hop, dance, and electronic genres. Additionally, Mc Neno Da CB is known for his unique mix of pop and indie influences, so this track might incorporate those elements as well.",,,
3765,PwekXBNn19U,0,3,"It combines elements of hip-hop, pop, and electronic with a strong beat and female vocals.",beat;electronic;female vocals;hip-hop;male vocals;pop;vocal;vocals,dance;electronic;hip-hop;pop;rock,0,"Allow me to recommend 'Cife Man' by Cife Man. It's a track from their album 'Cife Man'. It combines elements of hip-hop, pop, and electronic with a strong beat and female vocals. It was released in 2013 and may contain the specific elements you want.","Allow me to recommend 'Graj' by Nylu & Stachu. Although I don't have much information about this track, based on its MSD tags, it's classified as Hip-Hop, pop, electronic, dance, and rock, which aligns well with the electronic and rock components you're looking for. It may also have influences of pop and dance. Unfortunately, I don't have more details about the track.",,,
978,XI_49TbkJI0,1,3,"This song combines elements of hip-hop, electronic, and pop genres with a touch of 90s vibes.",electronic;hip-hop;pop,beat;beats;electronic;hip-hop;pop;rock;synth,1,"Certainly! How about 'Dziś' by SMA? It's a track from their album 'Dziś'. This song combines elements of hip-hop, electronic, and pop genres with a touch of 90s vibes. It has a synth-driven sound and electronic beats that could be a great fit for your video.","Certainly! How about 'Dziś' by SMA? It's a track produced by TrzyBit and falls under the hip-hop, electronic, rock, and pop genres. Although I don't have much information about the track, it's possible that it incorporates elements of 90s hip-hop, electronic beats, and possibly synth sounds. Give it a listen and see if it fits your video.",,,
227,lndobOAB3QY,1,3,"It has a slow tempo and ambient sound, which will give your video a distinct and atmospheric feel.",ambient;slow;tempo,ambient;electronic;hip-hop;rock,0,"In that case, I would recommend 'Y'all Don't Hear Me Tho' by Fabolous featuring Red Cafe. This track has a unique blend of Hip-Hop, electronic, rock, and experimental genres. It has a slow tempo and ambient sound, which will give your video a distinct and atmospheric feel.","Absolutely! If you're looking for an experimental and ambient vibe, I suggest 'Y'all Don't Hear Me Tho' by Fabolous featuring Red Cafe. This track is part of the album 'The S.O.U.L. Tape' and offers a unique blend of Hip-Hop, electronic, rock, ambient, and experimental genres. The production by Cardiak adds a distinct sound to the track.",,,
963,a6E7aFjN8rc,0,2,"It's a track from their album 'La Machine' and combines elements of hip-hop, electronic, and rock.",electronic;hip-hop;rock,chill;chillout;electronic;indie;rock,0,"I suggest checking out 'La Machine' by La Konspy. It's a track from their album 'La Machine' and combines elements of hip-hop, electronic, and rock. The song has a chillout vibe and features male vocals. It was released in 2012 and could add the specific style you're looking for.",Certainly! How about 'La Machine' by La Konspy? It's a chillout and indie track with electronic and rock influences. The song was released in 2011 and has a laid-back vibe that could add a unique touch to your video.,,,
562,Tl7ZXX6wbRE,1,2,"This track has a 90s vibe and combines elements of Hip-Hop, electronic, and alternative genres.",alternative;electronic;hip-hop,alternative;electronic;hip-hop;indie;rock,1,"In that case, I would recommend 'If I Hit The Lotto' by Rayzr. This track has a 90s vibe and combines elements of Hip-Hop, electronic, and alternative genres. It's part of the album 'If I Hit The Lotto' and offers a unique blend of sounds that will add a nostalgic touch to your video.","In that case, I would recommend 'If I Hit The Lotto' by Rayzr. Although there's not much information available about this track, it falls under the Hip-Hop, electronic, rock, indie, and alternative genres, which align with your preferences. The combination of these genres can give your video a nostalgic 90s vibe.",,,
4119,ql3zoSUOO-w,1,3,"It combines elements of Hip-Hop, electronic, and rock with a touch of pop.",electronic;hip-hop;pop;rock,beat;beats;drum;drums;electronic;hip-hop;indie;pop;rock,1,"Allow me to recommend 'Me Canse' by Polo A Tierra. It's a track from their album 'Me Canse'. It combines elements of Hip-Hop, electronic, and rock with a touch of pop. The song has a fast-paced beat and drum-driven sound that could be a fitting choice for your video.","Allow me to recommend the track 'Me Canse' by Polo A Tierra. It's from their album 'La Hecatombe' and combines elements of Hip-Hop, electronic, and rock with a catchy pop and indie sound. This track has a strong focus on beats and drums, which could be a fitting choice for your video. It was recorded in 2015, which may contain the specific element you're looking for.",,,
379,Zm7Wb0ZjPRc,0,2,"It's a track that combines hip-hop, jazz, and soul elements.",hip-hop;jazz;soul,electronic;hip-hop,0,"Certainly! How about 'StreetHeat Freestyle' by Flowz Flowetry? It's a track that combines hip-hop, jazz, and soul elements. Although I don't have much information about the specific album or artists, the song itself has a unique blend of genres that could add a touch of jazz and soul to your video.","Certainly! You can consider 'StreetHeat Freestyle' by Flowz Flowetry. Although there isn't much information available about the track, it has tags like Hip-Hop, electronic, and experimental, which align with the genres you mentioned. It could add a unique and diverse element to your video.",,,
1443,1o_BC6-VnZE,0,3,"The song has elements of rock, pop, and indie, which can add a unique touch to your video.",indie;pop;rock,alternative;guitar;male vocals;pop;rock;techno;vocal;vocals,0,"I suggest checking out 'Casino' by Jake McVey. It's a country track with a fun and catchy vibe. The song has elements of rock, pop, and indie, which can add a unique touch to your video. It's a great choice if you're looking for a country song with a lively and upbeat sound.",Allow me to recommend 'CASA VERDE' by ANDRÉ PORTO. It's a rock and pop track with classic rock and alternative influences. The song features male vocals and includes a mix of guitar and techno elements. It could be a fitting choice for your video.,,,
3941,F62hfQfu3Kc,0,3,"This song combines elements of hip-hop, electronic, and rock with experimental and male vocal influences.",electronic;hip-hop;rock;vocal,dance;electronic;fast;hip-hop;indie;male vocals;pop;rock;techno;tempo;vocal;vocals,1,"Certainly! How about 'PRE-GAME' by A$A? It's a track from their album 'PRE-GAME'. This song combines elements of hip-hop, electronic, and rock with experimental and male vocal influences. It was released in 2014 and could be a fitting choice for your video.","Allow me to recommend 'PRE-GAME' by A$A. It's a track from DEF POP and has elements of electronic, rock, and hip-hop with indie and dance influences. The song has a fast tempo and male vocals, while also incorporating techno elements that could be a fitting choice for your video.",,,
1101,Rparh8OI7qs,0,4,It has a fast-paced techno sound with a mix of electronic beats and rock influences.,beat;beats;electronic;fast;rock;techno,ambient;beat;dance;electronic;fast;indie;techno,0,"Allow me to recommend 'Beating Of My Heart (Matisse & Sadko Remix)' by M-3ox. It's a track from their album 'Beating Of My Heart (Matisse & Sadko Remix)'. This song combines elements of electronic, dance, and rock genres, which aligns well with the electronic and dance genres you're looking for. It has a fast-paced techno sound with a mix of electronic beats and rock influences.","I understand. In that case, I recommend the track 'Beating Of My Heart (Matisse & Sadko Remix)' by M-3ox. It's from their album 'Beating Of My Heart'. The song combines electronic, dance, and ambient elements with a touch of electro and indie influences. It has a fast-paced techno beat that will add energy to your video project.",,,
2585,ulxH8j3ndtw,1,3,"The song combines elements of pop, hip-hop, and electronic music, with female vocals.",electronic;female vocals;hip-hop;male vocals;pop;vocal;vocals,electronic;hip-hop;pop;vocal,0,"I suggest checking out 'Mi piace' by Le Gal. It's a track from their album 'Mi piace'. The song combines elements of pop, hip-hop, and electronic music, with female vocals. It was released in 2014 and has a catchy and upbeat sound that could be a great fit for your video.","I suggest 'Musica legale' by Le Gal. It's a track from their album 'Playlist' and features female vocalists. The song combines elements of pop, Hip-Hop, and electronic genres, which are characteristic of Le Gal's style. It could be a great fit for your video.",,,
472,5SKS_xcBS5w,0,3,"The song combines elements of indie rock, alternative rock, and pop with a touch of 80s influence.",alternative;indie;pop;rock,alternative;indie;punk;rock,0,"Allow me to recommend 'Levelling The Land' by The Levellers. It's a track from their album 'Levelling The Land'. The song combines elements of indie rock, alternative rock, and pop with a touch of 80s influence. It was released in 2009 and may contain the specific elements you're looking for.","In that case, I would recommend 'Todo Al Blanco' by Perro Negro. This track is from their album 'Quedan Madrugadas' and it has an indie rock sound with elements of punk, hard rock, and alternative. It's a great fit for your video.",,,
3604,deCKe46octs,1,4,It also has rock influences that could be a fitting choice for your video.,rock,electronic;hip-hop;pop;rock;vocal,1,"Allow me to recommend 'Márchate' by Mc Cruzito Ft. It's a track from their album 'Márchate'. The song combines elements of hip-hop, pop, and electronic genres with female vocals. It also has rock influences that could be a fitting choice for your video.","Let me suggest 'Márchate' by Mc Cruzito Ft. Cheito. It's a track with a mix of hip-hop, pop, and electronic elements. While it doesn't have female vocalists, it does have a rock influence that could add some variety to your video. You can find more information about Mc Cruzito on their official Facebook page.",,,
3025,IP4V3TTC3fw,1,1,"In that case, I would recommend 'Halfcrazy' by Musiq Soulchild.",soul,pop;soul,1,"In that case, I would recommend 'Halfcrazy' by Musiq Soulchild. This track has a soulful and pop sound, with elements of R&B and Hip-Hop. It's part of the album 'Halfcrazy' and would be a great fit for your video.","In that case, I would recommend 'Halfcrazy' by Musiq Soulchild. This track has a soulful and pop sound that you're looking for. It was released in 2002 and is remastered in HD. You can find more information about Musiq Soulchild on their Instagram, Twitter, and Facebook pages.",,,
3165,M3vm6OHX01s,0,3,"This song combines elements of Hip-Hop, electronic, and dance genres.",dance;electronic;hip-hop,dance;electronic;fast;tempo,0,"Certainly! How about 'Boss' by Yung L? It's a track from his album 'Boss'. This song combines elements of Hip-Hop, electronic, and dance genres. It has a fast-paced beat and a catchy electronic sound that could be a fitting choice for your video.","In that case, I would recommend 'OTTOMATIC feat. M-FAME - 2 bricks, 2 clips (Official video)'. This track has a faster tempo and incorporates electronic, dance, and electronica elements. It will definitely add energy to your video.",,,
577,ET1P16PNTCw,0,1,I recommend 'Party Rock Anthem' by Fabri Fibra.,rock,beat;dance;electronic;pop;rock;upbeat,1,"Certainly! I recommend 'Party Rock Anthem' by Fabri Fibra. It's a track from his album 'Party Rock Anthem'. This song combines electronic, hip-hop, and pop elements, which aligns well with Fabri Fibra's distinctive style. It has a fast-paced techno sound and features male vocals.","In that case, I would recommend 'Party Rock Anthem' from the album '2012 Best Dance Hits' by Various Artists. This track is a popular dance and electronic song that has a catchy and upbeat vibe, perfect for creating a party atmosphere in your film. It's sure to get the audience moving and grooving!",,,
1032,JxH7TnWcmxM,0,2,"This track is part of the album 'The End' and offers a unique blend of electronic, rock, and indie genres.",electronic;indie;rock,dance;electronic;fast;rock;techno,0,"Certainly! If you're looking for an electronic and alternative vibe, I would recommend 'The End' by The Beatles. This track is part of the album 'The End' and offers a unique blend of electronic, rock, and indie genres. It has a fast-paced and loud sound, which can add an energetic and edgy feel to your video.","For a track with a more pronounced electronic edge that's also related to theater, I recommend 'FINAL MATCH - NSF-422-17' from the Nash Music Library, associated with the 2015 stage play '鬼切丸'. This piece offers a mix of electronic, electronica, dance, rock, and experimental sounds. Its fast pace and loud, techno-rock elements make it an excellent fit for lively, dynamic stage productions.",,,
3723,lzdub-SjOFk,0,2,"This track has an acoustic and indie sound, which aligns well with your preferences.",acoustic;indie,acoustic;alternative;guitar;indie;pop;rock;vocal;vocals,1,"In that case, I would recommend 'Amy Amy' by Reto Burrell. This track has an acoustic and indie sound, which aligns well with your preferences. It's part of the album 'Amy Amy' and features a mix of rock, folk, and alternative genres.","Allow me to recommend a track from Nepathya's latest release 'Unplugged'. The specific track name and album information are not available, but Nepathya is known for their acoustic, indie, pop, and alternative style. Their music features a blend of rock elements with a focus on guitar and vocals. I believe this could be a fitting choice for your video.",,,
1026,QQWjSsnKsT8,1,3,"It combines elements of country, rock, and blues with a touch of pop.",blues;country;pop;rock,alternative;blues;country;melodic;pop;rock,1,"Allow me to recommend 'Country Memories' by Brian Robinson. It's a track from his album 'Country Memories'. It combines elements of country, rock, and blues with a touch of pop. The song has a guitar-driven sound and features male vocals, which could be a fitting choice for your video.","Allow me to recommend 'Country Memories' by Brian Robinson. This country music video, directed by Ken Rivers, captures the essence of country music with its rock, blues, and alternative elements. It also has a pop influence that adds a catchy and melodic touch. This could be a fitting choice for your video.",,,
2200,6WJzFO7GnLY,0,2,It's a rock track with alternative and hard rock influences.,alternative;rock,alternative;electronic;metal;rock,1,"Allow me to recommend 'Comatose' by Skillet. It's a rock track with alternative and hard rock influences. The song features guitar and drums, which align with your preferences. It was released in 2009 and has a powerful and energetic sound that could be a fitting choice for your video.","Certainly! How about 'Comatose' by Skillet? It's a track from their album 'Comatose'. It's classified as rock, metal, and alternative rock, and it features elements of hard rock. This song could be a fitting choice for your video as it combines the electronic and rock genres you're looking for.",,,
398,8PHqiJ76Q5s,0,3,"The song combines elements of hip-hop, electronic, and pop with a touch of 80s dance influences.",dance;electronic;hip-hop;pop,beat;beats;electronic;fast;hip-hop;male vocals;pop;r&b;rock;vocal;vocals,0,"Allow me to recommend 'My President' by Young Jeezy ft; 2 Chainz. It's a track from the album 'My President' and features 2 Chainz. The song combines elements of hip-hop, electronic, and pop with a touch of 80s dance influences. It was released in 2012 and could be a fitting choice for your video.","Allow me to recommend 'My President' by Young Jeezy ft. Nas. It's a track from Young Jeezy's album 'My President'. It combines elements of Hip-Hop, electronic, and rock with a touch of R&B and pop. The song features fast-paced electronic beats and male vocals, which could be a fitting choice for your video.",,,
235,29caU6DI9kQ,1,3,"It combines elements of electronic, dance, and rock genres with a fast-paced techno beat.",beat;dance;electronic;fast;rock;techno,bass;beat;dance;electronic;energetic;fast;house;techno,0,"Allow me to recommend 'Cristiano Ronaldo - Bass Is Kicking (2005 Edit)'. It's a track from Cristiano Ronaldo's album 'Bass Is Kicking'. It combines elements of electronic, dance, and rock genres with a fast-paced techno beat. It could be a fitting choice for your video, incorporating the electronic and dance elements you're looking for.","Allow me to recommend 'Bass Is Kicking (2005 Edit)' by B-Bass vs. DJ Mds. It's a track from their album 'Bass Is Kicking (The Album)'. This song combines elements of dance, electronic, and house genres with experimental influences. It has a fast-paced techno beat and loud electronic sounds, which aligns well with the energetic vibe you're looking for in your video.",,,
421,ccx6zlTPGvY,0,3,It combines elements of 90s hip-hop with electronic and dance influences.,dance;electronic;hip-hop,dance;electronic;hip-hop;pop;rock,1,Allow me to recommend 'Trkaj' by Trkaj. It's a track from his album 'Trkaj'. It combines elements of 90s hip-hop with electronic and dance influences. The song has a fast-paced beat and a techno sound that could be a fitting choice for your video.,"I recommend 'JAMAIS' by LANIAC. It's a track from their album 'BOITE SIX'. 'JAMAIS' incorporates elements of hip-hop, electronic, and rock genres with dance and pop influences. The song was produced by MASSAY and could be a fitting choice for your video.",,,
1997,DeXRccfzk78,1,4,The song features Nelly's distinctive female vocals and was released in 2012.,female vocals;male vocals;vocal;vocals,acoustic;female vocals;folk;guitar;male vocals;pop;rock;vocal;vocals,1,"Allow me to recommend 'Just a Dream' by Nelly. It's a track from her album 'Just a Dream'. It combines elements of pop, rock, and folk with acoustic and guitar-driven sound. The song features Nelly's distinctive female vocals and was released in 2012. It could be a fitting choice for your video.","Allow me to recommend 'Just a Dream' by Nelly. It's an acoustic cover performed by Dj Xispita We Touch Live vocal. Although I couldn't find specific information about the album or release date, this track combines elements of pop, rock, and folk with a focus on acoustic guitar and female vocals. It could be a fitting choice for your acoustic cover video.",,,
978,XI_49TbkJI0,1,4,It has a synth-driven sound and electronic beats that could be a great fit for your video.,beat;beats;electronic;synth,beat;beats;electronic;hip-hop;pop;rock;synth,1,"Certainly! How about 'Dziś' by SMA? It's a track from their album 'Dziś'. This song combines elements of hip-hop, electronic, and pop genres with a touch of 90s vibes. It has a synth-driven sound and electronic beats that could be a great fit for your video.","Certainly! How about 'Dziś' by SMA? It's a track produced by TrzyBit and falls under the hip-hop, electronic, rock, and pop genres. Although I don't have much information about the track, it's possible that it incorporates elements of 90s hip-hop, electronic beats, and possibly synth sounds. Give it a listen and see if it fits your video.",,,
2030,S0NI5pfSghk,0,3,"The song combines elements of electronic, rock, and indie with a touch of alternative.",alternative;electronic;indie;rock,alternative;electronic;energetic;indie;rock,1,"Certainly! How about 'The Creep' by The Flaming Lips? It's a track from their album 'The Creep'. The song combines elements of electronic, rock, and indie with a touch of alternative. It has a fast-paced and loud sound, which could add an energetic vibe to your video.","Allow me to recommend 'burn PRESENTS: Stale Sandbech at Air & Style 2013'. It's a film produced by burn and directed by Olav Stubberud. Although it doesn't have a specific track name, the film features electronic, indie, rock, and alternative music with experimental elements. It showcases the finest big air moments of the season, capturing the intense and energetic vibe you're looking for in your video.",,,
1122,QyP3cojSe1w,1,3,"This song combines elements of hip-hop, electronic, and pop genres.",electronic;hip-hop;pop,dance;electronic;hip-hop;rock,0,"Certainly! I recommend 'Ghetto Boy' by Stephen 'Ragga' Marley ft; 2Baba. It's a track from Stephen 'Ragga' Marley's album 'Ghetto Boy'. This song combines elements of hip-hop, electronic, and pop genres. It has a catchy beat and features the collaboration of Stephen 'Ragga' Marley and 2Baba. It could be a fitting choice for your video.","Allow me to recommend 'Ghetto Boy' by Stephen 'Ragga' Marley ft. Bounty Killer & COBRA. It's a track that addresses gun violence with a message aimed at today's youth. The song blends elements of hip-hop, electronic, and rock genres. It was recorded in Jamaica and features collaborations with Jamaican dancehall stars Bounty Killer and Cobra, which adds a unique flavor to the track.",,,
3930,OdMSA0Rjuwg,1,4,It has a catchy and energetic sound that could be a great fit for your video.,energetic,alternative;female vocals;indie;male vocals;pop;rock;vocal;vocals,0,"Allow me to recommend 'I'm a Man' by Buster Shuffle. It's a track from their album 'I'm a Man'. The song combines elements of rock, indie, and pop with female vocals. It has a catchy and energetic sound that could be a great fit for your video.","Allow me to recommend 'South' by Buster Shuffle. It's a track from their album 'Naked' released in 2014. It's classified as rock, pop, and indie with alternative influences and features female vocals. The song has a pop and rock sound with catchy melodies and a vibrant energy, which could be a fitting choice for your video.",,,
375,OSEmYHghm-0,1,1,Allow me to recommend 'At The Bar' by Mary PopKids.,pop,alternative;indie;male vocals;pop;rock;vocal;vocals,1,"Allow me to recommend 'At The Bar' by Mary PopKids. It's a track from their album 'At The Bar'. It combines elements of indie rock, alternative, and pop with a focus on drums. This song could be a fitting choice for your video, as it captures the unique style of Mary PopKids.","Allow me to recommend 'At The Bar' by Mary PopKids. It's a track recorded in the studio and falls under the genres of indie, alternative, and indie rock. Although I don't have much information about this specific track, based on their style and genre, it could be a fitting choice for your video. Additionally, it aligns with your preference for pop elements and male vocals.",,,
500,GCsTlblqGC8,1,2,It's a pop track with electronic and rock influences.,electronic;pop;rock,dance;electronic;female vocals;male vocals;pop;vocal;vocals,0,Certainly! How about 'Gonna Shine' by Ashley Tisdale? It's a pop track with electronic and rock influences. The song features a female vocalist and could be a fitting choice for your video.,"Allow me to recommend 'Gonna Shine' by Ashley Tisdale. It's a pop track with electronic and dance influences. The song features Ashley Tisdale's female vocals, which adds a unique touch to the music. It's from her album 'Gonna Shine' and was also featured in the movie 'Sharpay's Fabulous Adventure'.",,,
1544,xgPn_Qfq_QI,1,2,It's a dance and electronic track with elements of house and pop.,dance;electronic;house;pop,dance;electronic;energetic;house;pop;rock;vocal;vocals,1,"Certainly! How about 'We Are One' by Natalia Paris? It's a dance and electronic track with elements of house and pop. Although it doesn't have a specific rock genre, it can still add a dynamic and energetic vibe to your video. The song was released in 2014 and has a fast-paced techno sound.","Certainly! How about 'We Are One' by Natalia Paris? It's a dance and electronic track with elements of house and pop. Although it doesn't have rock influences, it can add a different and energetic vibe to your video. The song was produced by Natalia Paris and Andee Zeta, and features vocals by Paula Arenas and Kathy Cut.",,,
2101,QDZ7ZLt234E,0,3,"The song has a pop and house influence, which aligns well with Sahiba's style.",house;pop,dance;electronic;house;pop;vocal;vocals,1,"Allow me to recommend 'Zorun Ne Sevgilim' by İrem Derici. It's a dance and electronic track with female vocals. The song has a pop and house influence, which aligns well with Sahiba's style. It was released in 2014 and has a catchy and energetic vibe that could be a fitting choice for your video.","Allow me to recommend 'Zorun Ne Sevgilim' by İrem Derici. It's a dance-pop track from her album 'İki'. It features İrem Derici's distinctive vocals and incorporates elements of House and electronic music. This track is classified as dance and pop with female vocalists, which aligns well with your preferences for a dance video.",,,
1907,4aikHaOeSlA,0,2,This track has a punk and rock sound with elements of alternative and metal.,alternative;metal;punk;rock,metal;punk;rock,0,"In that case, I would recommend 'Sólo Por Ti' by Los Pepes. This track has a punk and rock sound with elements of alternative and metal. It's part of the album 'Sólo Por Ti' and it's performed by Los Pepes. It would be a great fit for your video.","If you're looking for a punk or metal influence, I'd recommend 'Bikini Schnapps - GiLiKiŠ'. This track falls under the punk, metal, rock, heavy metal, and hard rock genres. It has a powerful and heavy sound with elements of hard rock. It would be a great fit for your video.",,,
1626,VO6oOKUy7g4,1,2,It's an electronic track with elements of dance and pop.,dance;electronic;pop,beat;beats;dance;electronic;rock,0,"Certainly! How about 'Sunshine' by The Stereo? It's an electronic track with elements of dance and pop. The song has a catchy beat and a mix of electronic and rock sounds. It could be a great addition to your video, combining the energetic rock vibe with electronic beats.","I suggest checking out Andreas Oberg's music. He is known for his electronic and dance tracks, which could provide the perfect combination of rock and electronic beats for your video. One of his notable tracks is available on his website. You can explore his collection to find the right fit for your video.",,,
828,sclF4XTRzhU,0,4,It has a catchy and upbeat vibe that could be a great fit for your video.,beat;upbeat,dance;drum;drums;electronic;fast;female vocals;male vocals;pop;rhythm;vocal;vocals,0,"Certainly! I recommend 'Yado Train' by TDOTE. It's a track from their album 'Yado Train'. This song combines elements of pop, rock, and soul with electronic and drum influences. It has a catchy and upbeat vibe that could be a great fit for your video.",I suggest considering 'Yado Train' by TDOTE!! for your debut music video. It's an electronic-pop track with funk and dance elements. The song features female vocals and has fast-paced drums that can add a dynamic rhythm to your video. You can find it on iTunes and visit TDOTE's official website for more information.,,,
1278,-zGoNFCxJXM,1,4,"It could be a fitting choice for your video, combining the rock and alternative elements you're looking for.",alternative;rock,alternative;female vocals;guitar;indie;male vocals;pop;rock;vocal;vocals,1,"Certainly! How about 'Sin Ti' by Javier Garcia? It's a rock and pop track with alternative and indie influences. The song features female vocals and has a guitar-driven sound. It could be a fitting choice for your video, combining the rock and alternative elements you're looking for.","Sure! How about 'Yanira Rodriguez Recibe Sanidad'? It's a track with elements of pop, rock, and indie music. The song features female vocals and a guitar-driven sound, which can add a rock and alternative touch to your video. It's a great choice if you want to incorporate these genres into your video.",,,
1894,R35D5Der-eM,1,4,The song was released in 2014 and has a female vocalist.,vocal,indie;pop;rock;soul;uplifting;vocal;vocals,1,"Allow me to recommend 'Yo Seguiré' by Berlys Martinez. It's a track from her album 'Yo Seguiré'. It combines elements of pop, rock, indie, and soul, which could be a fitting choice for your video. The song was released in 2014 and has a female vocalist.","Allow me to recommend 'Yo Seguiré' by Berlys Martinez. It's a track from her album 'Solo por Ti'. The song combines elements of pop, rock, and indie with soulful vocals, which aligns well with the style you're looking for. It has a catchy and uplifting sound that could enhance your video.",,,
99,zEFEOnXKWuc,0,4,It has a fast-paced and energetic sound that could be a fitting choice for your video.,energetic;fast,alternative;drum;energetic;fast;guitar;indie;pop;punk;rock,1,"Certainly! I recommend 'The Light' by Peter Hook And The Light. It's a track from their album 'The Light'. This song combines elements of indie rock, punk, and alternative genres. It has a fast-paced and energetic sound that could be a fitting choice for your video.","Allow me to recommend 'Moving On' by The Hangovern. It's a track from their EP and falls under the genres of rock, indie, and alternative. The song has indie rock and punk influences, with a guitar and drum-driven sound. It's a fast-paced track that also has elements of pop, which could provide the energetic and catchy vibe you're looking for in your video.",,,
90,D_oNccaFno0,1,3,"It combines elements of hip-hop, electronic, dance, and pop with a fast-paced and loud sound.",dance;electronic;fast;hip-hop;pop,dance;electronic;hip-hop;pop;r&b;synth,0,"Allow me to recommend 'I GOT IT' by THE HEAT. It's a track from their album 'I GOT IT'. It combines elements of hip-hop, electronic, dance, and pop with a fast-paced and loud sound. The song has a synth-focused sound that could be a fitting choice for your video.","Allow me to recommend 'I GOT IT' by THE HEAT. It's a track with a dance-pop vibe. Although there is no specific album or artist mentioned for this track, it falls under the genres of Hip-Hop, electronic, R&B, dance, and pop. It was directed by Slick Flair and filmed in Jesup, GA. This song may have the loud and synth elements you are looking for.",,,
1609,oUQiVkXm63U,0,2,"This track is a perfect fit for your video as it offers a high-energy and upbeat sound with elements of pop, dance, and electronic genres.",beat;dance;electronic;pop;upbeat,dance;pop;rock;vocal;vocals,0,"In that case, I would recommend 'Run Devil Run' by Girls' Generation. This track is a perfect fit for your video as it offers a high-energy and upbeat sound with elements of pop, dance, and electronic genres. It's part of the album 'Run Devil Run' and will definitely add a lively and vibrant atmosphere to your video.","Allow me to recommend 'Run Devil Run' by Girls' Generation. It's a track from their album 'Run Devil Run'. It combines elements of pop, dance, and rnb with a touch of rock influence. It features the powerful vocals of Girls' Generation and was performed by TaeYeon, Tiffany, YoonA, HyoYeon, YuRi, Jessica, SooYoung, SeoHyun, and Sunny.",,,
1692,um7K8XTuerU,1,2,"It's a track from the album 'See You Again' and combines elements of hip-hop, pop, and electronic music.",electronic;hip-hop;pop,electronic;emotional;hip-hop;pop;vocal,1,"Allow me to recommend 'See You Again' by Wiz Khalifa featuring Charlie Puth. It's a track from the album 'See You Again' and combines elements of hip-hop, pop, and electronic music. The song features female vocalists and has a catchy and emotional vibe that could be a fitting choice for your video.","Allow me to recommend 'See You Again' by Wiz Khalifa featuring Charlie Puth. It's a track from the album 'See You Again (feat. Charlie Puth)'. This song combines elements of hip-hop, electronic music, and pop. It also features a powerful and emotional female vocal performance by Charlie Puth. It's a heartfelt tribute song that could be a fitting choice for your video.",,,
4168,8uQ8J54abxg,0,2,"It's a track that combines elements of pop, rock, folk, and indie.",folk;indie;pop;rock,folk;indie;pop;rock,1,"Allow me to recommend 'Vázquez Sounds'. It's a track that combines elements of pop, rock, folk, and indie. Although I don't have specific information about the album or artists, the song features female vocals and acoustic guitar, which aligns well with your preferences.","I understand your preference for indie and folk elements. Unfortunately, I don't have any specific recommendations in those genres at the moment. However, I can suggest exploring artists like Navid Zardi, who are known for their indie, rock, pop, and folk sound. You may find suitable tracks from their repertoire to incorporate into your video.",,,
1147,zNWLNl46d3M,1,1,"In that case, I would recommend 'Minecraft Rap - Zarcort' by Zarcort.",rap,electronic;energetic;hip-hop;rap;rock;vocal,1,"In that case, I would recommend 'Minecraft Rap - Zarcort' by Zarcort. This track has electronic, indie, and rock influences, and it features a male vocalist. It would be a great fit for your video.","In that case, I would recommend 'MINECRAFT RAP - ZARCORT' by Zarcort. This track combines hip-hop, electronic, and rock genres, with a male vocalist. It's part of the album 'MINECRAFT RAP - ZARCORT' by ZarcortGame vs DeiGamer. It's a rap battle between two great artists, and it's perfect for adding an energetic and electronic vibe to your video.",,,
1410,Brd7ReInaVs,1,3,The song features Eleanor Nicolson's captivating vocals and has a unique blend of genres that could add a distinctive touch to your video.,vocal;vocals,electronic;female vocals;folk;indie;male vocals;melodic;slow;vocal;vocals,1,Certainly! How about 'Stop Gravity' by Eleanor Nicolson? It's an indie folk track with electronic elements. The song features Eleanor Nicolson's captivating vocals and has a unique blend of genres that could add a distinctive touch to your video.,"Certainly! I recommend 'Stop Gravity' by Eleanor Nicolson. It's an original song by a 15-year-old artist from the Isle of Lewis. The track combines elements of indie, folk, and electronic music, making it a suitable choice for your video. The song features female vocals and has a slow-paced and melodic sound.",,,
3076,fkUr4M9QUqo,0,3,"The album features a mix of indie, rock, and alternative styles, with male vocals.",alternative;indie;male vocals;rock;vocal;vocals,alternative;hip-hop;indie;pop;rock,0,"Allow me to recommend 'The Best of 2012' by The Hip Hop Chronicle. It's a compilation of the best hip-hop and pop tracks from 2012. The album features a mix of indie, rock, and alternative styles, with male vocals. It was released by The Hip Hop Chronicle and could be a fitting choice for your video.","Allow me to recommend a track called 'Ignite Change Now!' It's a fusion of hip-hop, indie, rock, pop, and alternative genres. Although I don't have specific information about the track name, album name, or artist, it aligns well with your desire for diverse genres in your video.",,,
3499,lsWaQmpgv8Q,1,3,It combines elements of 80s and rock with electronic beats and vocal and drum influences.,beat;beats;drum;electronic;rock;vocal,dance;drum;electronic;pop;rock;vocal,0,Allow me to recommend 'Mi Vida' by El General. It's a track from his album 'Mi Vida'. It combines elements of 80s and rock with electronic beats and vocal and drum influences. The song has a catchy and energetic vibe that could be a fitting choice for your video.,"Allow me to recommend 'Kyo No Vuelvo A Caer'. It's a pop and dance track with electronic and rock elements. Although there is no specific information about the album, artists or track name, the description mentions an excellent video with a model named Liz Zoraida Valero. This track may have the 80s and rock influences you're looking for. It may also have vocal and drum influences based on the description. Unfortunately, I don't have more specific information about the track or artist.",,,
3114,fwKgjWRnjnE,0,3,It has a soothing and melodic sound that would be perfect for your video.,melodic,acoustic;indie;pop;rock,0,"Certainly! If you're looking for a more acoustic and folk vibe, I would recommend 'Good Life' by OneRepublic. This track is part of their album 'Good Life' and offers a blend of rock, indie, and folk genres. It has a soothing and melodic sound that would be perfect for your video.","Allow me to recommend 'Good Life' by OneRepublic. It's a cover version by Barely Band. Although I don't have much information about this specific track, OneRepublic is known for their acoustic, indie, rock, and pop style. This cover version might provide the acoustic and indie elements you're looking for in your video.",,,
4202,1LyyqW815YQ,0,3,"It combines elements of electronic, House, and pop with a techno influence.",electronic;house;pop;techno,electronic;house,0,"Allow me to recommend 'DJ Chris Parker - 2012-09-01'. It's a track from DJ Chris Parker's set at the 2012-09-01 event. It combines elements of electronic, House, and pop with a techno influence. It was recorded in 2012 and may contain the specific elements you want.","In that case, I would recommend checking out Allan Ramirez. He is a talented electronic and house DJ known for his live performances. You can find his live sets on his website www.allanramirez.es and also follow him on Twitter @Allan_Ramirez_. His music will definitely bring the electronic and house vibe you're looking for to your video!",,,
813,ABKP6jWjGik,0,4,It aligns well with the dance and electronic genres you're interested in.,dance;electronic,dance;electronic;energetic;house;techno,1,Allow me to recommend 'Bla Bla Bla' by Madame Mim. It's a dance track with electronic and experimental influences. The song features powerful female vocals and has a catchy and energetic vibe. It aligns well with the dance and electronic genres you're interested in.,"In that case, I would recommend 'Bla Bla Bla' by Madame Mim. This track is a perfect fit for your electronic and techno preference. It is part of the album 'Electric Kool-Aid' and showcases a blend of electronic, dance, House, and electro genres. It will add an energetic and vibrant atmosphere to your video.",,,
474,JEro3uv27js,1,3,"The song combines elements of Hip-Hop, electronic, and rock with a touch of indie and pop.",electronic;hip-hop;indie;pop;rock,electronic;hip-hop;rock;techno,0,"Certainly! How about 'Ballin' by Young Thug? It's a track from the album 'Barter 6'. The song combines elements of Hip-Hop, electronic, and rock with a touch of indie and pop. It has a techno sound and features male vocals. It could be a fitting choice for your video.","Allow me to recommend 'Ignore' by Father. It's a hip-hop track with electronic and rock influences. Although it doesn't mention techno specifically, it has electronic elements that might appeal to you. The song was presented by The Fader and has an official music video. It could add a unique and edgy vibe to your video project.",,,
3277,P4FXiFFJHFM,1,4,"This song could be a fitting choice for your video, incorporating the rock and alternative influences you're looking for.",alternative;rock,alternative;guitar;rock;vocal;vocals,1,"Allow me to recommend 'Você Pode' by Seu Cuca. It's a track from their album 'Você Pode'. It combines elements of rock, pop, and alternative with strong vocal and guitar performances. This song could be a fitting choice for your video, incorporating the rock and alternative influences you're looking for.","Allow me to recommend the song 'Você Pode' by Seu Cuca. It's a rock and alternative track with 80s influences. The song features strong vocals and guitar-driven melodies, which aligns well with your preferences. It's a fitting choice for your video.",,,
