comparison,label,metric,difference,ci_low,ci_high,significant
exp_01 - exp_04,Hybrid LTP − No-LTP,preference_claim_ratio,-0.00028874563177328297,-0.001846326490127723,0.0012543179478196247,False
exp_01 - exp_04,Hybrid LTP − No-LTP,preference_generation_coverage,-0.0014268727705112963,-0.009512485136741973,0.006426872770511268,False
exp_01 - exp_04,Hybrid LTP − No-LTP,preference_reference_alignment_rate,-0.03858661663539714,-0.1481484627946271,0.07450908954936113,False
exp_01 - exp_04,Hybrid LTP − No-LTP,preference_reference_contradiction_rate,0.0,0.0,0.0,False
exp_01 - exp_04,Hybrid LTP − No-LTP,preference_nonexistent_rate,0.02557848655409628,-0.08764337274829649,0.1336379092499302,False
exp_01 - exp_04,Hybrid LTP − No-LTP,metadata_support_rate,0.033463588113845866,-0.010396856031324325,0.07669287721173867,False
exp_01 - exp_04,Hybrid LTP − No-LTP,UCR_L1_clause,-0.008557398989174764,-0.013443051857972834,-0.004045697630361927,True
exp_01 - exp_04,Hybrid LTP − No-LTP,UCR_L2_sentence,-0.003448210121298121,-0.006790096595802722,-0.00012726581868013496,True
exp_01 - exp_04,Hybrid LTP − No-LTP,audio_claim_ratio,0.01621847355272449,0.010610361513103472,0.02224366834062952,True
exp_01 - exp_04,Hybrid LTP − No-LTP,claims_per_generation,0.09464922711058232,0.057788347205708114,0.1310523186682516,True
exp_03 - exp_04,Implicit-only LTP − No-LTP,preference_claim_ratio,0.00045544252139406716,-0.0012512285995638231,0.0021010198025494136,False
exp_03 - exp_04,Implicit-only LTP − No-LTP,preference_generation_coverage,0.00023781212841855054,-0.007853745541022597,0.008085612366230677,False
exp_03 - exp_04,Implicit-only LTP − No-LTP,preference_reference_alignment_rate,-0.005362394049472419,-0.11170075369957623,0.1057004936120789,False
exp_03 - exp_04,Implicit-only LTP − No-LTP,preference_reference_contradiction_rate,0.02127659574468085,0.0,0.04667449664429526,False
exp_03 - exp_04,Implicit-only LTP − No-LTP,preference_nonexistent_rate,0.015049299429164498,-0.1005222540759657,0.12396581109179525,False
exp_03 - exp_04,Implicit-only LTP − No-LTP,metadata_support_rate,-0.015234737935180709,-0.05777742814492287,0.0293850356929881,False
exp_03 - exp_04,Implicit-only LTP − No-LTP,UCR_L1_clause,-0.008708618736063406,-0.013558794728840699,-0.004255644788806009,True
exp_03 - exp_04,Implicit-only LTP − No-LTP,UCR_L2_sentence,-0.0030948628767817343,-0.006428558721485252,-7.356583505824958e-06,True
exp_03 - exp_04,Implicit-only LTP − No-LTP,audio_claim_ratio,0.002402434195465486,-0.003374150286259624,0.008365513371391043,False
exp_03 - exp_04,Implicit-only LTP − No-LTP,claims_per_generation,-0.0052318668252082645,-0.04042806183115388,0.03092152199762114,False
exp_02 - exp_04,Explicit-only LTP − No-LTP,preference_claim_ratio,0.00447102863005021,0.002636411441268264,0.006280658129687129,True
exp_02 - exp_04,Explicit-only LTP − No-LTP,preference_generation_coverage,0.0178359096313912,0.008793103448275857,0.02664090368608796,True
exp_02 - exp_04,Explicit-only LTP − No-LTP,preference_reference_alignment_rate,0.04396602625244128,-0.06054515325761116,0.15355055208923168,False
exp_02 - exp_04,Explicit-only LTP − No-LTP,preference_reference_contradiction_rate,0.00558659217877095,0.0,0.018518518518518517,False
exp_02 - exp_04,Explicit-only LTP − No-LTP,preference_nonexistent_rate,-0.013398737339328726,-0.12967790100201046,0.08790295582962425,False
exp_02 - exp_04,Explicit-only LTP − No-LTP,metadata_support_rate,0.018780926675663445,-0.01919776360422368,0.057807676697573245,False
exp_02 - exp_04,Explicit-only LTP − No-LTP,UCR_L1_clause,0.0004334915658145422,-0.004810224061360426,0.005265234742768264,False
exp_02 - exp_04,Explicit-only LTP − No-LTP,UCR_L2_sentence,0.005447135534029451,0.0016444165711713287,0.00911688518779757,True
exp_02 - exp_04,Explicit-only LTP − No-LTP,audio_claim_ratio,-0.006673816654113596,-0.01278700221779825,-0.0006791507507013517,True
exp_02 - exp_04,Explicit-only LTP − No-LTP,claims_per_generation,-0.3388822829964333,-0.38073721759809764,-0.29583234244946527,True
exp_01 - exp_03,Hybrid LTP − Implicit-only LTP,preference_claim_ratio,-0.0007441881531673501,-0.002247455436341574,0.0007590697298883987,False
exp_01 - exp_03,Hybrid LTP − Implicit-only LTP,preference_generation_coverage,-0.0016646848989298468,-0.009512485136741973,0.005707491082045185,False
exp_01 - exp_03,Hybrid LTP − Implicit-only LTP,preference_reference_alignment_rate,-0.03322422258592472,-0.13334219858156027,0.07302355413508856,False
exp_01 - exp_03,Hybrid LTP − Implicit-only LTP,preference_reference_contradiction_rate,-0.02127659574468085,-0.0466744966442953,0.0,False
exp_01 - exp_03,Hybrid LTP − Implicit-only LTP,preference_nonexistent_rate,0.010529187124931783,-0.09267112201971359,0.11554440469079724,False
exp_01 - exp_03,Hybrid LTP − Implicit-only LTP,metadata_support_rate,0.048698326049026575,0.004330713525312532,0.09277052116999016,True
exp_01 - exp_03,Hybrid LTP − Implicit-only LTP,UCR_L1_clause,0.00015121974688864226,-0.004179929915265058,0.004644369646123994,False
exp_01 - exp_03,Hybrid LTP − Implicit-only LTP,UCR_L2_sentence,-0.0003533472445163867,-0.00353189943832336,0.002795335255181896,False
exp_01 - exp_03,Hybrid LTP − Implicit-only LTP,audio_claim_ratio,0.013816039357259002,0.00805283508503415,0.019622061978481403,True
exp_01 - exp_03,Hybrid LTP − Implicit-only LTP,claims_per_generation,0.09988109393579059,0.06372770511296029,0.13174791914387554,True
exp_02 - exp_03,Explicit-only LTP − Implicit-only LTP,preference_claim_ratio,0.004015586108656143,0.0020913570669995763,0.005907741441841876,True
exp_02 - exp_03,Explicit-only LTP − Implicit-only LTP,preference_generation_coverage,0.01759809750297265,0.008799048751486328,0.02639714625445897,True
exp_02 - exp_03,Explicit-only LTP − Implicit-only LTP,preference_reference_alignment_rate,0.0493284203019137,-0.05263869945204567,0.1500348015743853,False
exp_02 - exp_03,Explicit-only LTP − Implicit-only LTP,preference_reference_contradiction_rate,-0.0156900035659099,-0.04347846854974439,0.009313984879790087,False
exp_02 - exp_03,Explicit-only LTP − Implicit-only LTP,preference_nonexistent_rate,-0.028448036768493223,-0.12549481830133744,0.06986198780096711,False
exp_02 - exp_03,Explicit-only LTP − Implicit-only LTP,metadata_support_rate,0.034015664610844154,-0.007871385447183845,0.07406234382029017,False
exp_02 - exp_03,Explicit-only LTP − Implicit-only LTP,UCR_L1_clause,0.009142110301877948,0.004080995811261428,0.014140329610288348,True
exp_02 - exp_03,Explicit-only LTP − Implicit-only LTP,UCR_L2_sentence,0.008541998410811186,0.004991175366752947,0.012139285476514945,True
exp_02 - exp_03,Explicit-only LTP − Implicit-only LTP,audio_claim_ratio,-0.009076250849579082,-0.014819203673305336,-0.0029419865660685485,True
exp_02 - exp_03,Explicit-only LTP − Implicit-only LTP,claims_per_generation,-0.33365041617122504,-0.3762187871581455,-0.2879904875148638,True
exp_01 - exp_02,Hybrid LTP − Explicit-only LTP,preference_claim_ratio,-0.004759774261823493,-0.006590390023325915,-0.0028558253931866375,True
exp_01 - exp_02,Hybrid LTP − Explicit-only LTP,preference_generation_coverage,-0.019262782401902497,-0.027824019024970274,-0.010225921521997625,True
exp_01 - exp_02,Hybrid LTP − Explicit-only LTP,preference_reference_alignment_rate,-0.08255264288783842,-0.18159670373366382,0.022647467861646623,False
exp_01 - exp_02,Hybrid LTP − Explicit-only LTP,preference_reference_contradiction_rate,-0.00558659217877095,-0.018518518518518517,0.0,False
exp_01 - exp_02,Hybrid LTP − Explicit-only LTP,preference_nonexistent_rate,0.038977223893425006,-0.06559925165355787,0.13901061021154265,False
exp_01 - exp_02,Hybrid LTP − Explicit-only LTP,metadata_support_rate,0.01468266143818242,-0.0276674756532876,0.05423581408775475,False
exp_01 - exp_02,Hybrid LTP − Explicit-only LTP,UCR_L1_clause,-0.008990890554989306,-0.01393634611305783,-0.004001835438354938,True
exp_01 - exp_02,Hybrid LTP − Explicit-only LTP,UCR_L2_sentence,-0.008895345655327572,-0.012386543693154894,-0.005385741950317797,True
exp_01 - exp_02,Hybrid LTP − Explicit-only LTP,audio_claim_ratio,0.022892290206838084,0.016613638170019304,0.029088118360563082,True
exp_01 - exp_02,Hybrid LTP − Explicit-only LTP,claims_per_generation,0.4335315101070156,0.3871521997621886,0.4763376932223542,True
