analysis_setting,prompt_variant,focal_exp,compare_exp,metric_group,metric,metric_label,higher_is_better,n_pairs,focal_mean,compare_mean,mean_improvement_positive_is_focal_better,bootstrap_ci95_low,bootstrap_ci95_high,wilcoxon_statistic,p_value_raw,wilcoxon_method,p_value_holm,significant_holm_0.05
top1_end_to_end_generation,original,exp_01,exp_02,ranking,R@1,R@1,True,4205,0.3065398335315101,0.2192627824019025,0.08727705112960761,0.07253269916765755,0.10178359096313912,167936.0,1.7749815105302348e-30,scipy_wilcoxon,4.08245747421954e-29,True
top1_end_to_end_generation,original,exp_01,exp_02,ranking,R@5,R@5,True,4205,0.6639714625445897,0.53769322235434,0.1262782401902497,0.1112960760998811,0.1417360285374554,153707.0,4.753966273469502e-58,scipy_wilcoxon,1.2835708938367656e-56,True
top1_end_to_end_generation,original,exp_01,exp_02,ranking,R@10,R@10,True,4205,0.7988109393579073,0.6834720570749108,0.11533888228299644,0.10202140309155767,0.1291319857312723,85410.0,2.0427678895743528e-60,scipy_wilcoxon,5.719750090808188e-59,True
top1_end_to_end_generation,original,exp_01,exp_02,ranking,rank,Rank,False,4205,7.9491082045184305,13.01807372175981,5.068965517241379,4.5928537455410225,5.551016646848989,1431385.5,8.661171362162136e-130,scipy_wilcoxon,3.2912451176216114e-128,True
top1_end_to_end_generation,original,exp_01,exp_02,generation,bertscore_f1,BERTScore F1,True,4205,0.7525929961916099,0.7315227615138722,0.02107023467773773,0.018616524422441594,0.023527580069535266,3225246.0,1.8338113363300185e-50,scipy_wilcoxon,4.767909474458048e-49,True
top1_end_to_end_generation,original,exp_01,exp_02,generation,infolm_ab_divergence,InfoLM AB,False,4205,2.506864276716561,3.3489894729594876,0.8421251962429264,0.7715480236106111,0.9142107992961407,1913793.0,1.6591388446203136e-128,scipy_wilcoxon,6.138813725095161e-127,True
top1_end_to_end_generation,original,exp_01,exp_02,generation,infolm_l2_distance,InfoLM L2,False,4205,0.2063464893413515,0.24151343812304465,0.035166948781693165,0.031911762998722865,0.03840320367565961,2010970.0,1.4079809076509677e-113,scipy_wilcoxon,4.927933176778387e-112,True
top1_end_to_end_generation,original,exp_01,exp_02,generation,infolm_fisher_rao,InfoLM Fisher-Rao,False,4205,1.7602948537550553,2.0246452541861157,0.2643504004310606,0.24205451073164524,0.2870640004618759,1914864.0,2.451891151714404e-128,scipy_wilcoxon,8.826808146171856e-127,True
top1_end_to_end_generation,original,exp_01,exp_03,ranking,R@1,R@1,True,4205,0.3065398335315101,0.31058263971462546,-0.004042806183115339,-0.019976218787158145,0.011414982164090369,317512.0,0.61383675351717,scipy_wilcoxon,1.0,False
top1_end_to_end_generation,original,exp_01,exp_03,ranking,R@5,R@5,True,4205,0.6639714625445897,0.6653983353151011,-0.001426872770511296,-0.016409036860879904,0.01403091557669441,292407.5,0.8553967202491313,scipy_wilcoxon,1.0,False
top1_end_to_end_generation,original,exp_01,exp_03,ranking,R@10,R@10,True,4205,0.7988109393579073,0.8092746730083235,-0.010463733650416172,-0.022829964328180737,0.0023781212841854932,125366.5,0.10341614176523774,scipy_wilcoxon,0.5547044100500386,False
top1_end_to_end_generation,original,exp_01,exp_03,ranking,rank,Rank,False,4205,7.9491082045184305,7.680142687277051,-0.2689655172413793,-0.636397146254459,0.10464328180737209,2519082.0,0.3729353101345203,scipy_wilcoxon,1.0,False
top1_end_to_end_generation,original,exp_01,exp_03,generation,bertscore_f1,BERTScore F1,True,4205,0.7525929961916099,0.7550457026176022,-0.0024527064259922604,-0.00401896196954599,-0.0008637641154132191,4113660.0,0.0008050571528916419,scipy_wilcoxon,0.006440457223133135,True
top1_end_to_end_generation,original,exp_01,exp_03,generation,infolm_ab_divergence,InfoLM AB,False,4205,2.506864276716561,2.540678702549473,0.033814425832911936,-0.011850161313729348,0.08064601029477582,2877304.0,0.6154437980727201,scipy_wilcoxon,1.0,False
top1_end_to_end_generation,original,exp_01,exp_03,generation,infolm_l2_distance,InfoLM L2,False,4205,0.2063464893413515,0.21144542846137682,0.0050989391200253285,0.002466550060873464,0.007747696522860284,2762562.5,0.012459889751903,scipy_wilcoxon,0.087219228263321,False
top1_end_to_end_generation,original,exp_01,exp_03,generation,infolm_fisher_rao,InfoLM Fisher-Rao,False,4205,1.7602948537550553,1.8064136680188605,0.04611881426380511,0.025133849838949635,0.0677797541175063,2809472.0,0.09245073500833977,scipy_wilcoxon,0.5547044100500386,False
top1_end_to_end_generation,original,exp_01,exp_04,ranking,R@1,R@1,True,4205,0.3065398335315101,0.19072532699167657,0.11581450653983354,0.10059453032104637,0.1310344827586207,162357.0,1.837283366132094e-49,scipy_wilcoxon,4.593208415330235e-48,True
top1_end_to_end_generation,original,exp_01,exp_04,ranking,R@5,R@5,True,4205,0.6639714625445897,0.4794292508917955,0.1845422116527943,0.16860879904875148,0.20048156956004748,165893.5,1.590165643730168e-103,scipy_wilcoxon,5.2475466243095545e-102,True
top1_end_to_end_generation,original,exp_01,exp_04,ranking,R@10,R@10,True,4205,0.7988109393579073,0.6361474435196195,0.16266349583828776,0.1483947681331748,0.1769322235434007,101898.5,1.8887599463822026e-97,scipy_wilcoxon,6.0440318284230485e-96,True
top1_end_to_end_generation,original,exp_01,exp_04,ranking,rank,Rank,False,4205,7.9491082045184305,16.422116527942926,8.473008323424494,7.806165279429251,9.16604042806183,1261229.0,3.3947936731791046e-199,scipy_wilcoxon,1.3579174692716418e-197,True
top1_end_to_end_generation,original,exp_01,exp_04,generation,bertscore_f1,BERTScore F1,True,4205,0.7525929961916099,0.7483953407346564,0.004197655456953468,0.0024943222743364917,0.005949593797308369,4067776.5,2.2154022494046456e-05,scipy_wilcoxon,0.0002880022924226039,True
top1_end_to_end_generation,original,exp_01,exp_04,generation,infolm_ab_divergence,InfoLM AB,False,4205,2.506864276716561,2.639419631056729,0.1325553543401679,0.08389143450396608,0.18072050237868406,3023412.0,1.166483759513517e-05,scipy_wilcoxon,0.00016330772633189238,True
top1_end_to_end_generation,original,exp_01,exp_04,generation,infolm_l2_distance,InfoLM L2,False,4205,0.2063464893413515,0.21947042606859585,0.013123936727244349,0.010444386182369512,0.015895037914467943,2830107.0,9.983859234906816e-14,scipy_wilcoxon,1.896933254632295e-12,True
top1_end_to_end_generation,original,exp_01,exp_04,generation,infolm_fisher_rao,InfoLM Fisher-Rao,False,4205,1.7602948537550553,1.8690705472651612,0.1087756935101059,0.08710464671091336,0.1299326854583736,2917064.0,1.313115965632803e-09,scipy_wilcoxon,2.1009855450124847e-08,True
top1_end_to_end_generation,original,exp_01,exp_05,ranking,R@1,R@1,True,4205,0.3065398335315101,0.2806183115338882,0.02592152199762188,0.011890606420927468,0.03971462544589774,183714.0,0.0003093122696027181,scipy_wilcoxon,0.002783810426424463,True
top1_end_to_end_generation,original,exp_01,exp_05,ranking,R@5,R@5,True,4205,0.6639714625445897,0.6137931034482759,0.050178359096313914,0.0366230677764566,0.06397146254458977,146187.0,1.0410809020606165e-12,scipy_wilcoxon,1.8739456237091096e-11,True
top1_end_to_end_generation,original,exp_01,exp_05,ranking,R@10,R@10,True,4205,0.7988109393579073,0.7612366230677765,0.0375743162901308,0.02592152199762188,0.04922711058263971,74458.0,3.0765624758912425e-10,scipy_wilcoxon,5.230156209015112e-09,True
top1_end_to_end_generation,original,exp_01,exp_05,ranking,rank,Rank,False,4205,7.9491082045184305,9.611177170035672,1.6620689655172414,1.31961355529132,2.014286563614744,1916246.0,2.5106729865294703e-22,scipy_wilcoxon,5.5234805703648345e-21,True
top1_end_to_end_generation,original,exp_01,exp_05,generation,bertscore_f1,BERTScore F1,True,4205,0.7525929961916099,0.7414084443297596,0.011184551861850316,0.008795715867232766,0.013689968140527836,4082867.5,7.076558253999014e-05,scipy_wilcoxon,0.0007784214079398916,True
top1_end_to_end_generation,original,exp_01,exp_05,generation,infolm_ab_divergence,InfoLM AB,False,4205,2.506864276716561,2.8111181938294854,0.3042539171129243,0.2355760456543671,0.37461782203252203,2506995.0,1.866404117568236e-06,scipy_wilcoxon,2.799606176352354e-05,True
top1_end_to_end_generation,original,exp_01,exp_05,generation,infolm_l2_distance,InfoLM L2,False,4205,0.2063464893413515,0.22730755485266482,0.020961065511313333,0.016638030985461086,0.025374637812527735,2557523.0,0.00011511561081273872,scipy_wilcoxon,0.0011511561081273872,True
top1_end_to_end_generation,original,exp_01,exp_05,generation,infolm_fisher_rao,InfoLM Fisher-Rao,False,4205,1.7602948537550553,1.8113479293902641,0.05105307563520884,0.029721672758235798,0.0726459886056402,2542541.5,3.6843151827527526e-05,scipy_wilcoxon,0.00044211782193033034,True
top1_end_to_end_generation,original,exp_01,exp_06,ranking,R@1,R@1,True,4205,0.3065398335315101,0.16956004756242568,0.13697978596908442,0.12104637336504162,0.15243757431629013,191943.5,1.3824322496452928e-61,scipy_wilcoxon,4.009053523971349e-60,True
top1_end_to_end_generation,original,exp_01,exp_06,ranking,R@5,R@5,True,4205,0.6639714625445897,0.4604042806183115,0.20356718192627823,0.18668252080856124,0.2206896551724138,244887.5,8.048174596763065e-108,scipy_wilcoxon,2.736379362899442e-106,True
top1_end_to_end_generation,original,exp_01,exp_06,ranking,R@10,R@10,True,4205,0.7988109393579073,0.6313912009512486,0.16741973840665875,0.15172413793103448,0.18335315101070154,163637.5,2.4282756502487968e-89,scipy_wilcoxon,7.52765451577127e-88,True
top1_end_to_end_generation,original,exp_01,exp_06,ranking,rank,Rank,False,4205,7.9491082045184305,14.797146254458978,6.848038049940547,6.204500594530321,7.510344827586207,1588830.0,2.3159363127831288e-157,scipy_wilcoxon,9.032151619854202e-156,True
top1_end_to_end_generation,original,exp_01,exp_06,generation,bertscore_f1,BERTScore F1,True,4205,0.7525929961916099,0.7183181177988631,0.034274878392746844,0.03259379618658322,0.03597035037475449,1403019.5,0.0,scipy_wilcoxon,0.0,True
top1_end_to_end_generation,original,exp_01,exp_06,generation,infolm_ab_divergence,InfoLM AB,False,4205,2.506864276716561,3.6284683618851794,1.1216040851686184,1.0615428313694968,1.1802821389304772,1686433.0,2.562332951786058e-257,scipy_wilcoxon,1.0761798397501444e-255,True
top1_end_to_end_generation,original,exp_01,exp_06,generation,infolm_l2_distance,InfoLM L2,False,4205,0.2063464893413515,0.25772074250710353,0.05137425316575202,0.04846161019530449,0.05423395694221295,1788854.5,4.3558076025280205e-238,scipy_wilcoxon,1.7858811170364885e-236,True
top1_end_to_end_generation,original,exp_01,exp_06,generation,infolm_fisher_rao,InfoLM Fisher-Rao,False,4205,1.7602948537550553,2.212721290808076,0.4524264370530205,0.4298317818483407,0.4755512901944826,1549596.0,3.4914716095608734e-284,scipy_wilcoxon,1.5362475082067842e-282,True
top1_end_to_end_generation,original,exp_01,exp_07,ranking,R@1,R@1,True,4205,0.3065398335315101,0.0004756242568370987,0.306064209274673,0.2925089179548157,0.32009512485136743,645.0,2.0524481131134815e-281,scipy_wilcoxon,8.82552688638797e-280,True
top1_end_to_end_generation,original,exp_01,exp_07,ranking,R@5,R@5,True,4205,0.6639714625445897,0.007609988109393579,0.6563614744351962,0.6418549346016647,0.6711058263971462,11108.0,0.0,scipy_wilcoxon,0.0,True
top1_end_to_end_generation,original,exp_01,exp_07,ranking,R@10,R@10,True,4205,0.7988109393579073,0.016646848989298454,0.7821640903686088,0.7695600475624257,0.7947681331747919,21554.0,0.0,scipy_wilcoxon,0.0,True
top1_end_to_end_generation,original,exp_01,exp_07,ranking,rank,Rank,False,4205,7.9491082045184305,252.57003567181926,244.62092746730085,240.26063614744353,248.93183115338883,10789.0,0.0,scipy_wilcoxon,0.0,True
top1_end_to_end_generation,original,exp_01,exp_07,generation,bertscore_f1,BERTScore F1,True,4205,0.7525929961916099,0.7460421955968197,0.006550800594790228,0.004850727209331873,0.008228426466161091,3758521.0,6.793311801525777e-17,scipy_wilcoxon,1.3586623603051553e-15,True
top1_end_to_end_generation,original,exp_01,exp_07,generation,infolm_ab_divergence,InfoLM AB,False,4205,2.506864276716561,2.743027822806873,0.2361635460903121,0.18710550913430782,0.28541056473763105,3084541.0,2.6642492775670085e-18,scipy_wilcoxon,5.594923482890718e-17,True
top1_end_to_end_generation,original,exp_01,exp_07,generation,infolm_l2_distance,InfoLM L2,False,4205,0.2063464893413515,0.23464682002758938,0.02830033068623788,0.025688528446314522,0.03100009881499291,2525813.0,8.352571276552469e-64,scipy_wilcoxon,2.5057713829657406e-62,True
top1_end_to_end_generation,original,exp_01,exp_07,generation,infolm_fisher_rao,InfoLM Fisher-Rao,False,4205,1.7602948537550553,1.9723395494471623,0.212044695692107,0.18997974581007834,0.23363609978139688,2876517.5,6.654315640332277e-32,scipy_wilcoxon,1.5970357536797466e-30,True
